tt,Inc,Title,Length,Keywords,Entity,Singleton
NVIDIA GTC 2020,University of Cambridge,Accelerating Unsupervised SAR Polarimetric Image Segmentation by Parallel Wishart Classifier [P21999],84,"Brand,Image segmentation,List of sensors,Synthetic-aperture radar","SAR,Wishart Classification Based",satellite
NVIDIA GTC 2020,Hewlett Packard Enterprise,AI  The Network Edge (Presented by HPE) [S22480],61,"Edge case,Extreme environment,Process capability,Silent Generation","Shivam Patel, Visiting Research Student, University of Cambridge",
NVIDIA GTC 2020,Teradata,Anomaly Detection on Aircraft Sensor Data Using Deep Learning [s21454],149,"Neural network,Proximity sensor,Rheology",Airbus,"anomaly,solution,using,autoencoder,volume"
NVIDIA GTC 2020,Altair Engineering,Complex 60 GPU CFD Simulations for Aerospace Gearboxes [s21788],94,"Computational fluid dynamics,DC-to-DC converter,Fluid bearing","GPU,CFD,Altair nanoFluidX.","gearbox,cfd,challenge,inside,solving"
NVIDIA GTC 2020,KAIST,Deep Learning-Based Anti-Drone System [P21900],22,"Deep Instinct,Deep learning",,"poster,detecting,research"
NVIDIA GTC 2020,National Institute of Information and Communications Technology,Deep-Learning Model for Finding New Superconductors [P21328],121,Deep learning,Fe,"material,obtained,database,discovered,hightemperature,2008,represented"
NVIDIA GTC 2020,Nasa Langley Research Center,Landing on Mars: Petascale Unstructured-Grid Computational Fluid Dynamics Simulations on Summit [S21584],107,"Human,Mars atmospheric entry","Oak Ridge National Laboratory,GPU,NASA Langley Research Center's,FUN3D,HPC,Summit","summit,computational,solver,investigate"
NVIDIA GTC 2020,Ridge-i inc.,Large-Scale Landslides Detection from Satellite Images with Incomplete Labels [P21920],92,"Landslide,Tropical cyclone,Wireless sensor network",,"disaster,satellite,earthquake"
NVIDIA GTC 2020,The Boeing Company,LUCID: High-Resolution Ground-Based Observations of LEO Satellites with Multi-Frame Blind Deconvolution [s21270],94,"Pulmonary alveolar microlithiasis,Solar observatory,Turbulence","Likelihood,Uncertainty Constrained Iterative Deconvolution,LEO","describe,deconvolution,achievable"
NVIDIA GTC 2020,Centauri,Super-Resolution of Digital Terrain Data [P21822],117,"Cable railings,Digital elevation model","DEM,LR","produce,lowresolution,feature"
NVIDIA GTC 2020,SURVICE Engineering,Using Robust Networks to Inform Lightweight Models in Semi-Supervised Learning for Object Detection [P21789],115,"Data curation,Health professional,Object detection",,"limited,datasets"
NVIDIA GTC 2020,Missouri University of Science and Technology,VR Blast Forensics [S21629],40,Unity (game engine),GPU,"produce,postblast"
NVIDIA GTC 2020,Virginia Tech,WASP: A WeArable SuPercomputing Platform for Lost Person Search-and-Rescue [P22071],145,Supercomputer,"WASP,WeArable SuPercomputing Platform,the United States,SAR","computation,wasp,uavs,application,enhanced,backpack,searcher"
NVIDIA GTC 2020,Davis,Accelerating DNN Inference with GraphBLAS and the GPU [S21796],68,"Deep learning,Graph coloring,GraphBLAS","GPU,SuiteSparse","graphblast,gpu,suitesparse"
NVIDIA GTC 2020,Pacific Northwest National Laboratory,Accelerating Graph Algorithms on Exascale Systems [S21642],77,"A* search algorithm,Bar chart,Leadership in Energy and Environmental Design,Magic SysRq key,Signal-flow graph",US Department of Energy,"largescale,computational,latest"
NVIDIA GTC 2020,Lawrence Berkeley National Laboratory,Accelerating Large-Scale GW Calculations in Material Science [s21353],117,"Balancing Act,Graphics processing unit","HPC,cuBLAS,cuFFT,GPU,Volta,FLOPs/Watt","accelerate,technique,memory,scaling,thousand,porting"
NVIDIA GTC 2020,Oak Ridge National Laboratory,Accelerating the Singular Value Decomposition: Measuring SVD Performance for Small Matrices [P21776],79,"Sensor,Sensor array,Signal processing,Singular value decomposition","SVD,GPU,cuSolver,MKL,MAGMA","svd,performance"
NVIDIA GTC 2020,Georgia Tech,A Framework for Measuring Hardware Gather-Scatter Support [P21887],115,"Memory,Operating system,Shared memory","HPC,G/S,CUDA","used,sparse,scatter"
NVIDIA GTC 2020,NVIDIA,A Partitioned Global Address Space Library for Large GPU Clusters [S22093],143,Scalability,"NVSHMEM,PGAS,PCI-E,NVLink,Infiniband,CUDA,CPU,QUDA,GPU-Enabled QCD,Chroma,MILC,Breadth First Search","communication,quda,initiate,application,openshmem"
NVIDIA GTC 2020,University of Texas at Austin,A Performance-Portable Diffusion Solver Based on Axom [P21892],120,"Architecture,Code refactoring","Mint,CPU+GPU,CUDA,API","backend,api,solver,complexity"
NVIDIA GTC 2020,Japan Agency for Marine-Earth Science and Technology,Applications of Convolutional Neural Network to the Important Earth Science Problems [P22283],130,"Convolutional neural network,Hypocenter,Neural network,Solar irradiance",,"tremor,determination,image,seismogram,learning,observation,used,applied"
NVIDIA GTC 2020,Helmholtz-Zentrum Dresden-Rossendorf,Big Lasers for Small Accelerators: Exascale Simulations for Better Cancer Therapy [S21850],134,"Jitsi,Open source,TOP500","PIConGPU,Titan","application,analysis,beam,laser"
NVIDIA GTC 2020,Lawrence Berkeley National Laboratory,CUDA C++ in Jupyter: Adding CUDA Runtime Support to Cling [S21588],85,"GrabCAD,IBM Power Systems,Project Jupyter,Scientist","Jupyter Notebooks,CUDA C++,REPL,Notebooks,CERN,C++,Cling","cuda,implementation,interactively,developer,omnipresent"
NVIDIA GTC 2020,University of Illinois,Day of the Living Cell: Supercomputers Reveal Molecular Design Principles of Photosynthesis [S21500],95,"Charm++,Molecular dynamics","NAMD,Klaus Schulten,GPU,Oak Ridge National Laboratory",decade
NVIDIA GTC 2020,Los Alamos National Laboratory,Deep Learning for Efficient Modeling of High-Dimensional Spatiotemporal Physics [S22094],125,"Outline of physical science,Simple Lie group",,"scientific,learning,spatiotemporal,datasets,rom"
NVIDIA GTC 2020,Korea Institute of Science and Technology Information,Dramatic Acceleration of Quantum Transport Simulations: Solving Non-Equilibrium Green's Function with GPU Devices [P21787],85,,"GPU,the Non-Equilibrium Green's Function,NEGF","strategy,negf,solving,nonequilibrium"
NVIDIA GTC 2020,NVIDIA,Effective Use of Mixed Precision for HPC [S21725],54,Numeric keypad,HPC,"practical,adopting"
NVIDIA GTC 2020,NERSC,Enabling 800 Projects for GPU-Accelerated Science on Perlmutter at NERSC [S21582],268,New Classical architecture,"The National Energy Research Scientific Computing Center,HPC,the U.S. Department of Energy Office of Science,NERSC,Perlmutter,Cray,AMD,The NERSC Exascale Science Application Program,GPU,genomics de novo assembly,AMReX","nersc,science,perlmutter,gpus,strategy,energy,preparing,application,enable,outcome,gpu"
NVIDIA GTC 2020,Japan Atomic Energy Agency,Enhancing Intra-Node Multi-GPU Stencil Calculations on DGX-2 Using Concurrent-Addressing with Unified Memory [P21784],127,"Atomic bombings of Hiroshima and Nagasaki,Memory management","the Japan Atomic Energy Agency,AMR,Unified Memory,CUDA,GPU,NVLink,Boltzmann","citylbm,amr,prediction,simulation,multigpu,implementation,gpu,nvlink,equation,mesh"
NVIDIA GTC 2020,NVIDIA,Exploiting Novel GPU Parallelism in the SNAP Interatomic Potential [S21976],123,"Material,Molecular mass","SNAP,IAP,GPU,Kokkos","snap,iap,geometric,quantum,structure,calculation,memory"
NVIDIA GTC 2020,Sandia National Laboratories,Explosive DGX Performance for Weapon Component Modeling [P21870],40,"Binary explosive,Sandia National Laboratories",Sandia National Laboratories,porting
NVIDIA GTC 2020,The National Energy Technology Laboratory,Extensions of TensorFlow-Based Computational Fluid Dynamics [S21816],92,National Energy Technology Laboratory,"The National Energy Technology Laboratory,NETL,TensorFlow,Multiphase Flow with Interphase eXchanges,MFIX,NVIDIA,Multiphase Particle-In-Cell,AI/ML acceleration","multiphase,solver"
NVIDIA GTC 2020,California Institute of Technology,Fromage Optimizer for Deep Neural Networks [P22300],45,"Fromage,Geometric median,Path loss","Fromage,Frobenius,Transformer,GAN",propose
NVIDIA GTC 2020,NVIDIA,GPU-Accelerated Deep Learning for Weather Climate and Space [s21255],101,"Deep learning,Earth observation satellite,General circulation model,Weather forecasting","the National Oceanic and Atmospheric Administration,NASA","accurate,processing"
NVIDIA GTC 2020,Davis,GraphDefense: Toward Robust Large-Scale Graph Convolutional Network [P21806],135,"Energy based model,Generative adversarial network,Graph Fourier Transform,Semi-supervised learning","GraphDefense,Graph Convolutional Networks","gcns,robustness,large,proposed"
NVIDIA GTC 2020,NIST,Hedgehog: A Performance-Oriented General Purpose Library that Exploits Multi-GPU Systems [s21227],98,"Advantage gambling,Load balancing (computing),Parallel computing,Turing completeness",Hedgehog,"manager,memory,dataflow"
NVIDIA GTC 2020,Brazilian Synchrotron Light Laboratory / CNPEM,High-Throughput 3D Image Reconstruction Visualization and Segmentation of Large-Scale Data at the Sirius Synchrotron Light Source [s21278],135,3D reconstruction,"Sirius,CUDA","sirius,synchrotron,segmentation,developed"
NVIDIA GTC 2020,NIKHEF and University of Maastricht,High-Throughput Real-time Data Processing with GPUs at CERN [s21341],129,"Consideration,Program optimization,Safety of high-energy particle collision experiments","GPU,Switzerland,Allen","selection,software,reconstruction,allen,throughput"
NVIDIA GTC 2020,University of Tennessee,HPL-AI: Benchmarking Half-Precision Hardware with Modern Numerical Linear Algebra [S21470],102,"AI accelerator,Direct method (education),Hardware register","HPL,GTC","implementation,instrumental"
NVIDIA GTC 2020,Los Alamos National Laboratory,Improving Geophysical Turbulence Models with Machine Learning [S21574],150,,GPU,"turbulence,simulation,prediction,mixing"
NVIDIA GTC 2020,Barcelona Supercomputing Center,Improving Ocean Model Framework NEMO with GPU Port and Asynchronous Execution [P21955],74,"Earth System Modeling Framework,Porting,Tofa?,Wind wave model","NEMO,CUDA,GPU,Fortran/MPI",improvement
NVIDIA GTC 2020,Lawrence Berkeley National Laboratory,Integrating NVIDIA Tesla V100 GPUs into a Cray System for a Diverse Simulation Machine Learning and Data Workload [S21569],151,"National Energy Research Scientific Computing Center,Production system,Windows HPC Server 2008","HPC,GPU,the U.S. Department of Energy칙춫s National Energy Research Scientific Computing Center,Perlmutter,NERSC,the Knights Landing,Cray,the NERSC Exascale Science Application Program,NESAP,Cori","application,nersc,nesap,cori,energy,integrated,workload"
NVIDIA GTC 2020,National Center for Atmospheric Research,Interpretable Deep Learning for Hurricane Intensity Prediction [S21548],99,"Rapid intensification,Saffir됩impson scale,Tropical cyclone",the Hurricane Weather Research,"intensity,couple"
NVIDIA GTC 2020,Naval Research Lab,Learning the Hard Parts: Scaling Reacting Flow Simulations with Machine Learning [S21740],133,"Chemical substance,Computational fluid dynamics,Kevin Systrom,Technique",CFD,"explore,machine"
NVIDIA GTC 2020,Aselsan Research Center,Matrix-Free Real-time Online Reconstruction of Compressive Focal Plane Array Camera [P21865],138,"Matrix multiplication,Real-time,Scientific method",,"reconstruction,online,compressive,highresolution,using,involve,image,camera"
NVIDIA GTC 2020,Predictive Science Inc.,Optimizing Stencil Operations in OpenACC [P21723],145,"Directive (programming),Inventory optimization,Shadow volume,Supercomputer","HPC,CUDA,Nsight Systems","openacc,gpus,using,cuda,many,performance"
NVIDIA GTC 2020,RIKEN Center for Computational Science,Performance Comparison of Search for Neighbor-Particle in MPS on Xeon Xeon Phi and GPU [P21969],87,MP,"MPS,Xeon,GPU","neighborparticles,xeon,simulating"
NVIDIA GTC 2020,Lawrence Berkeley National Laboratory,Roofline Performance Model for HPC and Deep-Learning Applications [s21565],98,,"Roofline,GPU,Nsight Systems/Compute,HPC,TensorFlow","performance,analyze,nvprof,automate"
NVIDIA GTC 2020,NIST,Scalable Workflow System for Whole Slide Microscopy Analyses Using Neural Networks [P21983],98,"Artificial intelligence,Computer vision,List of programming languages for artificial intelligence,Object detection",,tensorrt
NVIDIA GTC 2020,DST/CSIRO,Scaling Data by 109x and Compute for Deep-Learning Applications [S21390],63,"Artificial intelligence,Big data,Scalability,Utah Data Center",HPC,"highresolution,optimized"
NVIDIA GTC 2020,Jlich Supercomputing Centre,The Rocky Road to Tasking: Task Queues Reloaded [S21189],109,"Automatic parallelization,Bigg Boss (Hindi season 14),Scheduling (computing)","C++,GPU","optimization,implementation,thread,parallelize,gpus,cuda"
NVIDIA GTC 2020,Jlich Supercomputing Centre,Tiny Tiny Tasks: Fine-Grained FMM Tasking on GPUs [P22059],127,"Availability heuristic,Task parallelism,Task-based language learning","HPC,GPU,CPU","gpu,exploited,gpus"
NVIDIA GTC 2020,National Center for Atmospheric Research,Toward an Exascale Earth System Model with Machine Learning Components: An Update [S21834],124,"Embryo Ranking Intelligent Classification Algorithm,Graphics processing unit,Yann LeCun","GPU,the U.S. National Center for Atmospheric Research,the Model for Prediction Across Scales-Atmosphere,MPAS-A,the MOM-6 Ocean Model,NCAR","atmospheric,direction,parameterizations,discus,begun,many,speculated"
NVIDIA GTC 2020,Los Alamos National Laboratory,Turbulence Forecasting via Neural ODEs [P22054],143,"Coupling constant,Reduced form,Turbulence","Fluid,the Navier-Stokes","interaction,modeling,improve,characterized"
NVIDIA GTC 2020,Lawrence Berkeley National Laboratory,Workload Management for Complex Workflows on a GPU-Enabled Heterogeneous System [s21608],141,"Heterogeneous System Architecture,National Energy Research Scientific Computing Center,National Renewable Energy Laboratory,Real-time computing,Scientific method","The National Energy Research Scientific Computing Center,the U.S. Department of Energy,HPC","scheduling,scheduler,workflow,workload"
NVIDIA GTC 2020,Red Hat,Accelerate ML Lifecycle with Containers Kubernetes and NVIDIA GPUs (Presented by Red Hat) [S22516],140,"Data science,Kubernetes,Systems Modeling Language","Jupyter Notebooks,Red Hat OpenShift","container,technology,easily,gpus,provide,capability,customer,example"
NVIDIA GTC 2020,IBM,AWDF: An Adaptive Weighted Deep Fusion Architecture for Multi-Modality Learning [P21985],133,"Cold fusion,Deep learning,Multimodal learning","CareerCon,IEEE Big Data","awdf,propose,attention,dealing"
NVIDIA GTC 2020,Chinese Academy of Sciences,Container-Based Artificial Intelligence Applications Deployment Platform for GPU High Performance Computing Clusters [P21902],128,"Applications of artificial intelligence,Platform as a service,Qlik,Superuser,Virtual machine,Windows HPC Server 2008","HPC,GPU,PCI","gpu,implemented,solve"
NVIDIA GTC 2020,NVIDIA,CTR Inference Optimization on GPU [s21416],144,"CTR,Dot-com bubble,Model organism,Recommender system,Ruf CTR,Statistical inference",,"computing,issue,advertising"
NVIDIA GTC 2020,Microsoft,Deploying your Models to GPU with ONNX Runtime for Inferencing in Cloud and Edge Endpoints [s21379],172,Edge device,"GPU,ONNX Runtime,ONNX,AML Notebooks,Azure IoT Edge","gpu,execution,application,using,azure"
NVIDIA GTC 2020,Microsoft,Edge Computing for Building Machine Learning Pipelines Using Azure Stack (Presented by Microsoft) [S22473],67,"Data localization,Data sovereignty,Jeffrey Snover,Machine learning",Microsoft,"edge,cloud,latency"
NVIDIA GTC 2020,NVIDIA,Faster Transformer [s21417],92,"Key (engineering),Principal component analysis,Transformer (machine learning model)","BERT,XLNet,CUTLASS","inference,bert,xlnet"
NVIDIA GTC 2020,Amazon,From Hours to Minutes: The Journey of Optimizing Mask-RCNN and BERT Using MXNet [S22483],46,"Deep learning,System resource","BERT,MXNet,Amazon Web Services",
NVIDIA GTC 2020,Google,Google Cloud AutoML Video and Edge Deployment [S22022],103,"Google Cloud Platform,List of Nvidia graphics processing units","Google,Video Classification,Tensorflow,Jetson",
NVIDIA GTC 2020,IBM,GradZip: Gradient Compression Using Alternating Matrix Factorization for Large-scale Deep Learning [P22289],84,"Compression stockings,Deep learning",GradZip,"matrixfactorization,dense,thinking,gradzip"
NVIDIA GTC 2020,Amazon Web Services,Improve ML Training Performance with Amazon SageMaker Debugger (Presented by Amazon Web Services) [S22493],104,"JTAG,Learning,ML,ML.NET,Parameter","Amazon,GPU","analyze,developer,challenging,ensure"
NVIDIA GTC 2020,IBM,Is the Label Trustworthy? Training Better Deep-Learning Models via Uncertainty Mining Net [P22055],134,"Deep learning,Statistical classification","Uncertainty Mining Net,UMN","umn,generative,uncertainty"
NVIDIA GTC 2020,IBM,Manifold Regularization For Time Series Embedding [P22063],118,"A-ha,Data visualization,Exact sequence",VAE,"vae,used,representation,challenge,parse,identify"
NVIDIA GTC 2020,Alibaba Group,Performance Optimization on Quantized Deep-Learning Models [S22484],118,"Quantization (signal processing),Quantum entanglement,Statistical inference","GEMM,GPU","proposed,technique,transformation,im2col"
NVIDIA GTC 2020,NVIDIA,PyTorch from Research to Production [S21928],83,"Convolutional neural network,Neural network,PyTorch",PyTorch,inference
NVIDIA GTC 2020,National Tsing Hua University,qCUDA-ARM: Virtualization for Embedded GPU Architectures [P21851],113,"Edge computing,Internet of things,Resource management (computing),System resource","GPU,CUDA","qcudaarm,application,virtualization,performance,native,emergence,changing,centralized"
NVIDIA GTC 2020,Amazon Web Services,Recommendation Systems Using Distributed Graph Convolutional Networks (GCN) on GPUs (Presented by Amazon Web Services) [S22491],83,"Deep learning,Ha-ha,Non-Euclidean geometry","Graph Convolutional Networks,Deep Graph Library,Apache MXNet","simple,image,sequence,timeseries,language,information"
NVIDIA GTC 2020,Principal Software Engineer Manager,SPTAG and GPU Acceleration for Approximate Nearest Neighborhood Search [s21561],122,"Nearest neighbor search,PageRank,Space partitioning","ANN,algorithm,RAPIDS,FAISS,GPU,SPTAG","gpu,hashing,accelerated,gpus,essential,many"
NVIDIA GTC 2020,Microsoft,Visual Anomaly Detection using NVIDIA DeepStream with Azure IoT [S22675],211,"Internet of things,OpenAI,Streaming media","NVIDIA,IoT Central,Custom Vision","solution,device,realtime,operate,using,deepstream,azure,pipeline,nvidia,vision"
NVIDIA GTC 2020,NVIDIA,Wide and Deep Recommender Inference on GPU [S21559],137,Deep learning,"Tensorflow,NVIDIA,GPU","inference,tensorrt,recommendation,machine,trained,tensorflow,engine,leverage,nvidia"
NVIDIA GTC 2020,OmniSci,Accelerated Analytics Fit for Purpose: Scaling Out and Up (Presented by OmniSci) [S22556],110,Visualization (graphics),"OmniSci,GPU","every,analytics,laptop,computation"
NVIDIA GTC 2020,NVIDIA,Accelerating AI Workflows with NGC [S22421],121,Artificial intelligence,"NVIDIA,NGC","sdks,looking"
NVIDIA GTC 2020,Lawrence Berkeley National Laboratory,Accelerating Applications for the NERSC Perlmutter Supercomputer Using OpenMP [s21387],122,List of Nvidia graphics processing units,"Perlmutter,NVIDIA,HPC,Fortran,GPU,NESAP,NERSC","openmp,application,perlmutter,nvidias,compiler,feature,included,others,nersc,early,nerscnvidia"
NVIDIA GTC 2020,Barcelona Supercomputing Center,Accelerating Chemistry Modules in Atmospheric Models Using GPUs [S22005],139,"Atmospheric model,CLaMS,Chemical process,The Final Solution (novel)","The Multiscale Online Nonhydrostatic AtmospheRe CHemistry model,the Barcelona Supercomputing Center,EBI,KPP","used,gas,multiple,camp,explore"
NVIDIA GTC 2020,Lablup Inc.,Accelerating Hyperparameter Tuning with Container-Level GPU Virtualization [S21463],96,"Hyperparameter optimization,Pareto efficiency,True Detective","GPU,TGS,ENAS,NNI,Backend","gpus,gpu"
NVIDIA GTC 2020,Computermind Corp.,Acceleration of Test Data Quality Assurance Technology Using Neuron Coverage [P21809],104,"CP System II,Mirror stage,Procedural generation","DL,DeepXplore","deepxplore,coverage,quality,processing,neuron"
NVIDIA GTC 2020,TempoQuest Inc.,AceCAST GPU-Enabled Weather Research and Forecasting Model Development and Applications [P22064],148,"Benefit performance,Meteorology,Weather Research and Forecasting Model","The Weather Research,WRF,HPC,TQI,GPU,AWS","operational,gpus,solution"
NVIDIA GTC 2020,NVIDIA,Advanced Scientific Visualization with NVIDIA Omniverse [S21973],216,"Aphantasia,Flow visualization,Scientific visualization","NVIDIA,3D,PhysX. Further","omniverse,scientist,content"
NVIDIA GTC 2020,VividQ,Advances in Real-Time 3D Hologram Generation [S21248],113,,"VividQ,3D,GPU","holographic,hologram,using,allows,gpus,facilitates,extraction"
NVIDIA GTC 2020,NVIDIA,A Faster Radix Sort Implementation [S21572],75,"Direct memory access,GUID Partition Table,Memory operations per second",Gkey/s,"used,reduce"
NVIDIA GTC 2020,NVIDIA,AIaaS: Scaling AI Infrastructure for the Enterprise from DGX-1 to SuperPOD [S21996],135,"Artificial intelligence,Oz the Great and Powerful","GPU,GUI,AIaaS,DGX-2","container,nvidia,getting,enterprise"
NVIDIA GTC 2020,SF Techology,AI Argus: A Unique Insight Into Logistics [P21812],138,Artificial intelligence,"Xavier,China,SF,Operator,AI Argus","detection,xavier,china,package,damage,edge"
NVIDIA GTC 2020,Red Hat,AI/ML with vGPU on Openstack or RHV Using Kubernetes [S22106],89,"Cloud gaming,Flexible electronics,Simultaneous multithreading","GPU,AI/ML,Red Hat Openstack Platform,SR-IOV","aiml,vgpu,sriov,workload"
NVIDIA GTC 2020,NVIDIA,An Overview of GPU Recurrent Neural Network Performance [S21301],59,"Qualifications framework,Recurrent neural network,Scientific method","RNN,GPU","performance,advantage,disadvantage"
NVIDIA GTC 2020,Poteha Labs,AutoFAQ: Automation of Customer Support for Most Common Questions [s21252],93,"Business value,Mach Loop,Stack Exchange","Python,NLP","language,automate,integrate,architecture"
NVIDIA GTC 2020,Inc.,Building a Smart Language-Understanding System for Conversational AI with HuggingFace Transformers [S22647],114,"Natural language,Natural-language understanding,Trans-Anatolian gas pipeline","HuggingFace,NLU,BERT,PyTorch,TensorFlow","leverage,create,sentence,transformer,example"
NVIDIA GTC 2020,NVIDIA,CLOUDXR: Streaming AR and VR [S22178],97,Extended reality,"OpenVR,XR","gpus,application"
NVIDIA GTC 2020,NVIDIA,Combined Python/CUDA JIT for Flexible Acceleration in RAPIDS [S21393],126,"Compiler,Python (programming language)","RAPIDS/cuDF,Python,CUDA,Jitify,cuDF,the Python UDF,C++,RAPIDS","flexibility,compiled,kernel,implementation"
NVIDIA GTC 2020,Preferred Networks,CuPy Overview: NumPy Syntax Computation with Advanced CUDA Features [S22471],49,,"CuPy,Python","advantage,cutensor,cudnn"
NVIDIA GTC 2020,Uber Technologies,Distributed Deep Learning with Horovod on Spark [s21300],121,"Apache SINGA,Distributed Training Operations Center,TensorFlow","TensorFlow,MXNet,Horovod,GPU,Python,PyTorch","horovod,designed,gpu,used,gpus,multiple"
NVIDIA GTC 2020,Intuit,Document Understanding Platform: Extracting Structured Information from Financial Documents [S21459],111,"Financial Services Authority,Financial services,Memorandum of understanding,Small business","Intuit,Document Understanding Platform","selfemployed,tedious,timeconsuming"
NVIDIA GTC 2020,Artificial Intelligence Research Institute (AIRI),Efficient 3D Convolutional Network Design for Human Instance-Level Video Action Recognition [P22275],92,"Activity recognition,Edge computing",Jetson AGX Xavier,"xavier,module,accuracy,discus"
NVIDIA GTC 2020,Johns Hopkins University,Espresso: A Fast End-to-End Neural Speech Recognition Toolkit [s21239],94,Speech recognition,"Espresso,ASR,WSJ,LibriSpeech,ESPnet","asr,decoding,toolkit"
NVIDIA GTC 2020,RIST,Evaluation of a Multi-GPU Optimized Non-Hydrostatic Ocean Model with Multigrid Preconditioned Conjugate Gradient Method [P21930],127,"Conjugate gradient method,Supercomputer","GPUs,MGCG,kinaco","gpus,multigrid,application,many,evaluated,discussed,numerical"
NVIDIA GTC 2020,RCPE GmbH,EXtended Particle System (XPS): High-Performance Particle Simulation [P21775],66,"Discrete element method,Finite element method,List of DC Multiverse worlds",GPU,
NVIDIA GTC 2020,AdaCore,Exterminating Buffer Overflows and Other Embarrassing Vulnerabilities with SPARK Ada on Tegra [S21122],121,SPARK (programming language),"NVIDIA,Tegra,ARM,GPU,Ada/OpenACC,Ada","application,language,technology,gpu"
NVIDIA GTC 2020,NVIDIA,Fast Distributed Joins with RAPIDS and UCX [s21482],136,,"RAPIDS cuDF,UCX,GPU,RAPIDS,NVLINK,Infiniband,DGX-2,GB/s throughput,IB,GB/s","implementation,communication,multiple,gpus,distributed,alltoall,demonstrate,achieve,rapid"
NVIDIA GTC 2020,NVIDIA,From High to Low Level: A Comparative Study of Programming Approaches for NVIDIA GPUs [S21308],146,,"GPU,Python,CUDA C,Numba,CuPy","programming,implementation,gpus,optimized,simulate,discus,development,highlevel,python"
NVIDIA GTC 2020,Google,GPipe: Efficient Training of Giant Neural Networks Using Pipeline Parallelism [S21873],129,"Convolutional neural network,Deep learning,Software quality",GPipe,"scaling,different,accelerator,gpipe,parallelism,pipelining"
NVIDIA GTC 2020,RidgeRun,How to Build a Multi-Camera Media Server for AI Processing on Jetson [S22396],103,AI accelerator,"Jetson Board,Interpipes,DeepStream,AI","specific,demonstrate,deepstream"
NVIDIA GTC 2020,Chubu University,Knowledge Transfer Graph for Deep Collaborative Learning [P22383],115,"Deep learning,Graph (abstract data type)",,"propose,flexible,achieve"
NVIDIA GTC 2020,Berkeley,Learning Human Objectives by Evaluating Hypothetical Behavior [P22312],20,"Q-learning,Reinforcement,Unsafe at Any Speed",,"presence,algorithm"
NVIDIA GTC 2020,Carnegie Mellon University,Modularizing Natural Language Processing [S21560],109,"Artificial intelligence,Conceptual model,Natural language,Natural language processing,Pomodoro Technique",NLP,"nlp,development,abstraction"
NVIDIA GTC 2020,Stanford University,Motion Reasoning for Goal-Based Imitation Learning [P22363],116,"Demonstration (political),Shadowgun,Symbolic interactionism",,"demonstrator,motion,enables,execution,reproduce"
NVIDIA GTC 2020,Facebook,Named Tensors Model Quantization and the Latest PyTorch Features [S22145],86,"Integrated development environment,List of Red Digital Cinema cameras,PyTorch,Python (programming language),Standard ML","PyTorch,PyTorch 1.0","training,introduction,production"
NVIDIA GTC 2020,Facebook AI,Opening Up the Black Box: Model Understanding with Captum and PyTorch [S22147],86,"Integrated development environment,List of Red Digital Cinema cameras,PyTorch,Python (programming language),Standard ML","PyTorch,PyTorch 1.0","training,introduction,production"
NVIDIA GTC 2020,SigOpt,Optimized Image Classification on the Cheap [s21598],103,"Computer vision,Fine-tuning,Stanford University,Transfer learning","Stanford,Stanford Cars","optimization,technique,using,building"
NVIDIA GTC 2020,NVIDIA,Optimizing Work Scheduling and Memory Usage for Complex Database Queries on GPUs [P22017],119,"CUDA,Computer cluster,Contextual Query Language,Online analytical processing","GPU,CUDA Graphs,RAPIDS cuDF","multiple,gpu,memory"
NVIDIA GTC 2020,Preferred Networks,Optuna: An Eager Hyperparameter Optimization Library [s21291],113,"Hyperparameter optimization,TensorFlow",Optuna,gpus
NVIDIA GTC 2020,Facebook,Scaling Deep Learning for Automatic Speech Recognition [S21838],77,"Distributed Training Operations Center,Speech recognition","wav2letter++,C++,ASR",wav2letter
NVIDIA GTC 2020,NVIDIA,Software-Based Compression for Analytical Workloads [S21597],151,,"GPU-GPU,GPU,LZ,Fannie Mae's","compression,performance,compressed,cpugpu,gpugpu"
NVIDIA GTC 2020,OTOY Inc,The Future of GPU Rendering: Real-Time Raytracing Holographic Displays and Light Field Media [S22153],53,"Graphics processing unit,Holography,Impact (gamer),Machinima, Inc.,Medium (TV series)","GPU,VFX,OTOY,OctaneRender","future,2020s"
NVIDIA GTC 2020,Mila - Universit de Motral,The SpeechBrain Project [s21648],142,Speech technology,"SpeechBrain,PyTorch","single,development,pytorch,create"
NVIDIA GTC 2020,Czech Technical University in Prague,TNL: Template Numerical Library for Modern Parallel Architectures [P21800],62,"Array data structure,Developing country,Employee benefits,Library,Supercomputer",TNL,"especially,gpus"
NVIDIA GTC 2020,Numeca,Toward Industrial LES/DNS in Aeronautics: Leveraging OpenACC for Massively Parallel CPU+GPU Simulations [s21958],119,,"LES,DNS,TILDA,CPU+GPU,CFD","tilda,upwards,nearlinear"
NVIDIA GTC 2020,NVIDIA,Toward INT8 Inference: Deploying Quantization-Aware Trained Networks using TensorRT [s21664],137,Evaluation measures (information retrieval),"FP16,FP32","inference,tensorrt,dnn,fp32,qat,accuracy,deep"
NVIDIA GTC 2020,NVIDIA,Training and Deploying Conversational AI Applications with NeMo and Jarvis [S21211],54,"Chatbot,Natural language processing,Neural network,Speech recognition,Speech synthesis,You didn't build that",NeMo,
NVIDIA GTC 2020,NVIDIA,XLNet Optimization Using CUDA [S21478],124,Transformer (machine learning model),"XLNet,XLNET,CUDA,Tensorflow,FastTransformer","language,performance,optimization,cuda,optimized"
NVIDIA GTC 2020,Inc.,3D Analysis Data Generation from X-ray Data for HealthTech by DGXs [P22304],121,"Laboratory information management system,Regenerative medicine","Japan,3D,Tesla","imaging,indicator,generate,xray,nearly"
NVIDIA GTC 2020,Sydney Neuroimaging Analysis Centre,Accelerate Quantitative Clinical Neuroimaging Analysis with AI: Steps Toward Personalized Disease Progression Monitoring in Clinical Neurology [S21421],126,"Medical imaging,Neuroimaging","GPU,imaging quantitative biomarker research",biomarker
NVIDIA GTC 2020,Antoni van Leeuwenhoek Hospital and Netherlands Cancer Institute,Accelerating Cancer Research: VDI by Day Compute by Night [S21845],124,"Antonie van Leeuwenhoek,List of Billboard Hot 100 chart achievements and milestones","The Netherlands Cancer Institute,NKI-AVL,VDI,GPU","infrastructure,vdi,researcher,patient"
NVIDIA GTC 2020,NVIDIA,Accelerating Quantum Chemistry Simulations with AI [S21273],71,"Computational chemistry,Machine learning",,discovery
NVIDIA GTC 2020,National Taiwan University,Acceleration of Wavefront Analysis Using Zernike Polynomial Fitting [P21849],119,"LASIK,Tomography,Video card,Wavefront .obj file,Zernike polynomials","GPU,Zernike","angle,cell,analyze,biological"
NVIDIA GTC 2020,Girls Computing League,Accurate Multiple Sclerosis Lesion Segmentation Using Deep Learning [P21889],135,"Brain damage,DNN,Image segmentation,Neural network,SqueezeNet",U-Net,"using,disease,mri"
NVIDIA GTC 2020,Emory University,AI Methods to Transfer Natural Language into Actionable Knowledge in Medicine: From Radiology Pathology Reports to Social Media Posts [S22150],138,"Natural language processing,Public health","NLP,CT,MR,US","improve,mining,clinical,ultimately"
NVIDIA GTC 2020,NVIDIA,A New Era of Medical Imaging [S22554],77,"A-ha,Color image pipeline,Deep learning,Digital image processing,Medical imaging",Deep Learning,"image,every"
NVIDIA GTC 2020,Allen Institute for Cell Science,Animation Segmentation and Statistical Modeling of Biological Cells Using Microscopy Imaging and GPU Compute [s21944],119,"Cell biology,Scientific modelling","GPU,the Allen Institute",
NVIDIA GTC 2020,NVIDIA,Building a Medical Imaging AI Ecosystem Using Clara SDKs [s22295],95,Comparison of web frameworks,"Clara Imaging Application Framework,Iterative &,Clara Application Platform,Clara Imaging","ecosystem,annotation,training,deployment"
NVIDIA GTC 2020,Memorial Sloan Kettering Cancer Center,Building Blocks for Machine Learning Integration into Clinical Workflow [S22189],113,"Building block,Machine learning,Radiology,Workflow",algorithm,"application,diagnostics"
NVIDIA GTC 2020,Optum,Building Optimized Low-Cost Scalable Health-Care Enterprise Deep Learning Services Platform with NVIDIA TensorRT Inference Server and Kubernetes [s21570],132,,"GPUs,GPU","service,resource,learning,gpus,gpu,deployment,balanced,kubernetes"
NVIDIA GTC 2020,NVIDIA,Clara Developer Day: Clara Train SDK Performance Walkthrough and Deep Dive [S22717],42,"Data science,List of NFC-enabled mobile devices,Underwater diving",Clara Train v3.0,dummy
NVIDIA GTC 2020,NVIDIA,Clara Developer Day: Federated Learning using Clara Train SDK [S22564],133,"Artificial intelligence,Endurance training,Federated learning,Rote learning","Federated Learning,Clara Train SDK","dive,client"
NVIDIA GTC 2020,NVIDIA,Clara Developer Day: Getting Started with Clara Train for High Performance & Iterative Experimentation with AutoML [S22563],61,"Data science,Graphics Core Next,IOS SDK,Medical imaging",Clara Train SDK,
NVIDIA GTC 2020,NVIDIA,Clara Developer Day: Scalable and Modular Deployment Powered by Clara Deploy SDK [S22565],131,"Medical imaging,OpenAI,Oracle SQL Developer","DICOM,VNA,Clara Train","deployment,pipeline,operator"
NVIDIA GTC 2020,Fermata,Computer Vision in Agriculture: Racing with Pests and Diseases [P22001],86,"Autonomous system (Internet),General-purpose computing on graphics processing units,Machine learning,Technology",GPU,"create,detection,disease,plant,early,pest,solution"
NVIDIA GTC 2020,University of Michigan,Data-Driven Approach of Coronary Vessel Reconstruction Using X-ray Angiography [P21799],115,"Angiography,Coronary arteries,Coronary artery disease",,"vessel,used"
NVIDIA GTC 2020,Harvard Medical School,Data-Efficient Weakly Supervised Histology Classification Using Contrastive Predictive Coding [P22025],141,"Annotation,Neural network","CPC,ROC,MIL","feature,mil,using,learning,cpc,limited,performance,trained"
NVIDIA GTC 2020,Nagahama Institute of Bio-Science and Technology,Deep Learning-Aided Label-Free Real-Time and Time-Lapse 칙춮Cell Visualization칙춯 Technology that Enables Live/Dead Cell Discrimination and Counting [P21952],125,"Data visualization,Drug discovery,Live cell imaging,Lymphoma,Stem cell,Technology",,labeling
NVIDIA GTC 2020,Optum Technology,Deep Learning in Health Care: from Voicebots to Disease Prediction [S21128],258,"Caller ID,Deep learning,List of Nvidia graphics processing units","NPS,United Health Group,Next Best Action","condition,provider,identify,nemo,quality,versus,patient,health"
NVIDIA GTC 2020,Icahn School of Medicine at Mount Sinai,Deep Self-Supervised Learning for Patient-Specific Anomaly Detection in Stereoelectroencephalography [S21962],116,"Anomaly detection,Dynamic range compression,Real-time computing,Real-time polymerase chain reaction",EEG,"medical,nonparametric,performance"
NVIDIA GTC 2020,Friedrich Miescher Laboratory of the Max Planck Society,De Novo Protein Design of Epitope-Directed Inhibitors [s21348],134,"Father of surgery,Plasma protein binding,Therapeutic index",GPU,"molecule,guided,structure,effectively"
NVIDIA GTC 2020,Subtle Medical,Deploying FDA-Cleared TRT-Powered AI Radiology Products to Improve Quality and Productivity in Clinical Radiology [S22400],174,Center for Biomedical Imaging,"FDA,Subtle Medical,PET-CT,Subtle,Stanford University,the University of California at San Francisco,Hoag hospital,San Diego,NVIDIA DGX Station,NVIDIA,TRT,ROI","subtle,hospital,subtlemr,improve,efficiency,clinical,experience,university,nvidia,san,subtlepet,fdacleared"
NVIDIA GTC 2020,Princeton International School of Mathematics and Science,Distributed Deep Learning for Automatic Disease Detection Systems [P22078],82,"Deep learning,Machine learning,Medical specialty,On-board diagnostics",,"device,condition,infrastructure,using,deployed"
NVIDIA GTC 2020,Institut Pasteur,Empowering Virtual Reality and Machine Learning in the Hospital [S21472],88,Hospital information system,GPU,"medical,technology,define,provide"
NVIDIA GTC 2020,NVIDIA,Federated Learning for Medical Imaging: Collaborative AI without Sharing Patient Data [S21536],213,"Deep learning,Federated learning,Medical imaging,Medical record",,"challenge,institution,implementing"
NVIDIA GTC 2020,Weill Cornell Medicine,Fostering a Strong Ecosystem for AI in Medical Imaging [S22631],78,"Collaboration,Entrepreneurial leadership",,"possibility,create,payer,importantly"
NVIDIA GTC 2020,Shanghai Jiao Tong University,Fully Automated Blood Analyzer Driving Early Detection for Leukemia Based on Cytomorphology [P22070],151,"Blood cell,Leukemia,Random early detection","CellVision,NVIDIA,GPU","cytomorphology,based,segmentation,classification,workflow,chance,variety,response"
NVIDIA GTC 2020,PerkinElmer,Generating Microscopic Phase Images with Deep Learning [P22394],61,"Machine learning,Microorganism,Phase-contrast microscopy",PerkinElmer,poster
NVIDIA GTC 2020,Iowa State University,GPU-Accelerated Animated Volume Rendering of Isogeometric Analysis Results [P22069],109,"Engineering design process,Isogeometric analysis,Supply-chain-management software","IGA,CAD,FEA,NURBS,GPU","visualizing,interactive,nurbs,volumetric"
NVIDIA GTC 2020,NVIDIA,GPU-Accelerated Genome Assembly: A Deep Dive into Clara Genomics Analysis SDK [S21968],63,"Dig Deep (album),Microsoft and open source","de novo genome assembly,the Clara Genomics Analysis SDK,CUDA,cudaPoa",
NVIDIA GTC 2020,University of California San Francisco,High Throughput Cryo-Electron Microscopy and Cryo-Electron Tomography Powered by GPU at the University of California San Francisco [S21696],91,Scanning transmission electron microscopy,"GPU,the University of California, San Francisco,UCSF,cryoET,cryoEM,CUDA","cryoem,cryoet,cryoelectron,early,university"
NVIDIA GTC 2020,Smart Reporting GmbH,Holistic AI-Enhanced Workflows in Radiology [S21440],119,"AI accelerator,Patient-reported outcome,Treatment decision support","algorithm,Smart Reporting,GPU","reporting,communication,advantage,radiology,opportunity,challenge"
NVIDIA GTC 2020,Onward Health,Improving Classification of Lymph Node Histopathology Patches Using Semi-Supervised Classification-GAN (SSC-GAN) [P21984],39,"Accuracy and precision,Chinese classifier,Classification of demons,Data augmentation,Histopathology,Synthetic media",,
NVIDIA GTC 2020,Voxeleron,Improving CNN Performance with Spatial Context [S21388],101,"Computer vision,Convolutional neural network,Deep learning",CNN,"optimization,classification,training"
NVIDIA GTC 2020,Google Brain,Insight-Driven Machine Learning Design with Human Expert Collaborations [S21636],151,"Deep learning,Machine learning",,"resulting,enabled,potential"
NVIDIA GTC 2020,Fred Hutchinson Cancer Research Center,Machine Learning Cell Phenotypes with Immuno-Fluorescent Cancer Tissue [P22105],116,"Colectomy,Immunohistochemistry,Protein expression,Spatial analysis","RNA,GPU","edge,image,cell"
NVIDIA GTC 2020,Stanford University,Making Radiology AI Models More Robust: Federated Learning and Other Approaches [S22037],62,"Artificial intelligence,Clinic,Clinical case definition,Critical theory,Cryptographic key types,Medical imaging,Progress in artificial intelligence",,"describe,learning,application"
NVIDIA GTC 2020,Milwaukee School of Engineering,Manipulating the StyleGAN Latent-Space: H&E Image Synthesis for Prostate Cancer Research [P22077],138,"Feature (computer vision),Generative adversarial network,List of Nvidia graphics processing units,Prostate",H&E,"generator,cancer,accelerating,effectiveness"
NVIDIA GTC 2020,NVIDIA,Medical Volume Raytracing in Virtual Reality [S22030],145,"Medical imaging,Old and New Light","VR,GPU","rendering,foveatedwarped,based,allows"
NVIDIA GTC 2020,Xsens Technologies,Multi-Task Learning for Sparse Sensor Body Tracking [P22340],96,"Disability and Rehabilitation: Assistive Technology,Inertial measurement unit,Motion capture,Sensor",,"assistance,fullbody"
NVIDIA GTC 2020,PNY Technologies,NVIDIA Quadro RTX for Healthcare - Improving Patient Outcomes [S22422],34,"Basic research,Branches of science,GeForce 30 series,List of life sciences,Ray-tracing hardware",Quadro RTX,
NVIDIA GTC 2020,Thomas Jefferson High School for Science and Technology,PDGAN: An End-to-End Parkinson's Disease Data Analysis and Diagnosis System Using Deep Learning [P21110],130,Parkinson's disease,"PDGAN,GAN","using,solve,mri,technique,training,detecting"
NVIDIA GTC 2020,NVIDIA,Practical Guidelines for Optimizing and Accurate Sizing of Medical Imaging Workflows [S21997],132,Medical imaging,GPUs,"training,hardware,scaling,critical"
NVIDIA GTC 2020,Islamabad Pakistan,Reconstruction of Under-Sampled Cartesian Data Using Deep Learning [P21927],128,"Magnetic resonance imaging,Tomographic reconstruction","MRI,MR,algorithm","reduce,aliasing,used,undersampled"
NVIDIA GTC 2020,NVIDIA,Rethinking Impact Factor: an NLP-Driven Metric and Pipeline Using Generalized Autoregressive Pretraining on Medical Journals for Granular Knowledge [S21552],137,"BERT (language model),Neurology,Stanford prison experiment,Verona van de Leur","NLP,GPU,Clara Train,AUC","architecture,nlp,study,practice,paradigm"
NVIDIA GTC 2020,imera.ai,Segmentation-Guided Pelvis Fracture Detection in Pelvis X-rays [P21979],74,"Anatomical terminology,Pelvic fracture",GPU,observed
NVIDIA GTC 2020,Ciklum,Segmentation of Organs at Risk in Chest Cavity Using 3D Deep Neural Network [P21943],133,"Neural network,PhysX","U-Net,the NVIDIA TITAN X Pascal,NVIDIA Tesla,Apex Optimization","segmentation,solve,image,using,organsatrisk,lung"
NVIDIA GTC 2020,Carnegie Mellon University,*Top 5 Poster Nominee - MolecularRNN: Generating Realistic Molecular Graphs with Optimized Properties [P22377],142,"Autodesk 3ds Max,Drug discovery,Media Molecule,Molecule,Organic chemistry",,
NVIDIA GTC 2020,MPI-IS and University of Tabingen,3D Deep Learning in Function Space [s21764],141,"Comparison gallery of image scaling algorithms,Convolutional neural network,Deep learning,Nvidia",GPU,image
NVIDIA GTC 2020,NVIDIA,Accelerated Computing Teaching Kit for University Educators: Introduction and Use Cases [S22414],175,IBM Power Systems,"Iowa State University,Iowa State,CAD,GPU","course,gpus,advanced,programming,application,university,performance,functionality"
NVIDIA GTC 2020,The Georgia Institute of Technology,Accelerated Data Science in the Classroom: Teaching Analytics and Machine Learning with RAPIDS [S22417],116,"Danielle Belgrave,Data science","the Georgia Institute of Technology,GPU,RAPIDS","graduate,analytics,teaching,course,using,student,rapid"
NVIDIA GTC 2020,NVIDIA,Accelerated Light-Transport Simulation using Neural Networks [S21852],87,Neural network,,"integration,storm,recently"
NVIDIA GTC 2020,Osaka University,Accelerating Large Seismic Simulation Code with PACC Framework [P21901],132,"AI accelerator,Extract, transform, load,Target (project)",,"compared,outofcore,however"
NVIDIA GTC 2020,University of Washington,ALFRED: Action Learning From Realistic Environments and Directives [P22310],142,Natural language,ALFRED,"alfred,sequence,directive,benchmark,learning,mapping"
NVIDIA GTC 2020,San Diego,Analytic Spherical Harmonic Gradients for Real-Time Rendering with Many Polygonal Area Lights [P22297],132,"Analytical Engine,Closed-form expression,Conjugate gradient method,Spatial gradient,Spherical harmonics","SH,PRT","reduce,enables"
NVIDIA GTC 2020,Prague,An Improved Immersed Boundary-Lattice Boltzmann Method for Incompressible Fluid-Flow Simulations on GPU [P21931],98,"Affect theory,Archimedes' principle,Immersed boundary method,Lattice Boltzmann methods,Numerical stability",Boltzmann,"introduce,performance,fluidsolid"
NVIDIA GTC 2020,DFKI,A Reinforcement Learning Approach for Sequential Spatial Transformer Networks [s21941],40,"Capsule neural network,Computer vision,High-voltage transformer fire barriers,Reinforcement learning,Statistical classification",,"classification,describe,combine,improve,noise"
NVIDIA GTC 2020,Aalto University School of Science,Astaroth: an API for Three-dimensional Stencil Computations on GPUs [S21332],120,,"Astaroth,C99,3D","computational,large,cache,pipeline"
NVIDIA GTC 2020,University of Illinois Urbana-Champaign,Benanza: Automatic Benchmark Generation to Compute 칙춯Lower-bound칙춯 Latency and Inform Optimizations of Deep Learning Models on GPUs [P21858],68,"Ideal machine,New Source Performance Standards,Sequence profiling tool","Benanza,DL,GPUs",inefficiency
NVIDIA GTC 2020,NVIDIA,Bringing AI to the Classroom: NVIDIA's Deep Learning Teaching Kit [S22357],110,Machine learning,"GPU,AGH University of Science and Technology,Krakow,New York University","nvidia,professor,mathematics,preparing,material,soaring,feeding"
NVIDIA GTC 2020,NVIDIA,Building MSO GPU-Powered Infrastructure for AI Instruction and Research [s21423],78,"Differentiated instruction,Supercomputer","Milwaukee School of Engineering,NVIDIA,AI,HPC,GPU",engineering
NVIDIA GTC 2020,Universidad Rey Juan Carlos,CapsNet-Lite: A Lightweight and High Performance CapsNet Architecture [P21854],93,Capsule neural network,"CapsNet,CapsNet-Lite","accuracy,position,image,combined,combine,routing"
NVIDIA GTC 2020,CETYS Universidad,Capsule Networks for 3D Pose Estimation in Computer Graphics [P21924],77,"3D pose estimation,3D reconstruction,Augmented reality,Biomedical engineering,Engineering",VR/AR,
NVIDIA GTC 2020,University of South Florida,CheetahDB: A System for High-Throughput Database Processing on GPUs [P22073],127,"Fourth Industrial Revolution,List of Nvidia graphics processing units,Research","GPU,DBMS,HPC,NSF,the University of South Florida,Cheetah Data Systems","dbms,performance,inmemory,challenge,software,cheetahdb"
NVIDIA GTC 2020,Berkeley,Data Mining Pipeline for Predictive Synthesis of Advanced Materials [P22007],125,"Inorganic compound,Material,Materials science",,"mining,dataset,accelerated,highthroughput"
NVIDIA GTC 2020,Graduate School of Pharmaceutical Sciences,Decoding Texture Information from Rat Somatosensory Cortical Neurons Using CNN [P21855],139,Neural network,CNN,"neuron,stimulus,activity,lfps,feature,decoded,recorded,rat,decoding,somatosensory,cortex,cnn,neocortex"
NVIDIA GTC 2020,Worcester Polytechnic Institute,Deep Learning-Based Subcellular Phenotyping of Cell Edge Dynamics Reveals Fine-Grained Drug Responses [S21242],71,"Deep learning,Live cell imaging,P-glycoprotein",,"autoencoder,heterogeneity"
NVIDIA GTC 2020,Amazon Web Services,Dive into Deep Learning [T22537],134,"Deep learning,Perceptron","CNN,Python","material,theory,cnn,transforming"
NVIDIA GTC 2020,Simula Research Laboratory,Efficient Simulations of Patient-Specific Electrical Heart Activity on the DGX-2 [P22031],133,"Computer simulation,N-(p-Amylcinnamoyl)anthranilic acid,Pulseless electrical activity",,"dgx2,heart,patient,suffered,emerging,alternative"
NVIDIA GTC 2020,Universidad Industrial de Santander,Exploring the Impact of Functional Package Manager Over a Non-Traditional High Performance Computing System [P21980],83,"Constructed language,Supercomputer","HPC,Nix","improve,analyze,energy,hpc,industry,installing"
NVIDIA GTC 2020,NVIDIA,Few-Shot Adaptive Video-to-Video Synthesis [S21142],121,"Capability-based addressing,Semantic memory",,example
NVIDIA GTC 2020,University of Mnster,Fireiron: A Scheduling Language for High-Performance Linear Algebra on GPUs [P22298],62,MD5,"Fireiron,DSL,GPU,NIVIDA,cuBLAS","dsl,compiler,allows,specification,composition,simple,reusable"
NVIDIA GTC 2020,Icahn School of Medicine at Mount Sinai,GPU-Accelerated Next-Generation Sequencing Bioinformatic Pipeline [S21163],128,"Bioinformatics workflow management system,DirectX Video Acceleration,List of RNA-Seq bioinformatics tools","NGS,BWA,PICARD,GATK,Samtools,WES,WGS,GPU","gpu,performance,cpu"
NVIDIA GTC 2020,University of Tokyo,Heterocomputing and Transprecision Computing in Unstructured Low-Order Finite-Element Analyses on Volta GPUs [P21857],70,Bfloat16 floating-point format,"Volta,GPUs","bottleneck,heterocomputing"
NVIDIA GTC 2020,University of Mnster,High-Performance Deep-Learning Operators on NVIDIA GPUs via Multi-Dimensional Homomorphisms [P21790],133,"CUDA,Eigenvalues and eigenvectors,Holism","Matrix Multiplication,Multi-Dimensional Homomorphisms,GPU,NVIDIA,cuBLAS,GEMM","mdhs,nvidia,performance,convolution,automatically,optimized,library"
NVIDIA GTC 2020,Ohio State University,High Performance Distributed Deep Learning: A Beginner's Guide [S21546],141,"Deep learning,Supercomputing in Europe,Web Ontology Language","AI,HPC,TensorFlow,CNTK,PyTorch,GPU,MVAPICH2-GDR","performance,gpus,challenge,tensorflow,mvapich2gdr,advance,improve"
NVIDIA GTC 2020,University of Illinois at Urbana-Champaign,Hybrid Molecular Mechanics: Artificial Intelligence Simulation Methods to Study Molecular Systems [S22090],137,"Graphics processing unit,Molecular dynamics","GPU,MD,NAMD,ANI,quantum mechanical","molecular,performance,coupling,namd,learningbased,using,achieve,sampling"
NVIDIA GTC 2020,Princeton Plasma Physics Laboratory,Implementation of Artificial Intelligence/Deep Learning Disruption Predictor into a Plasma Control System [P22517],168,Sky Nature,"NATURE,Princeton's AI,NVIDIA,Volta,ITER","disruption,plasma,software,capability,indicator,future,provide,deeplearning,modern,described"
NVIDIA GTC 2020,Shanghai Jiao Tong University,Inference Path Optimization for Deep Reinforcement Learning on NVIDIA DGX-2 [P22339],151,"Computer performance,PCI Express,Shanghai Jiao Tong University","the Shanghai Jiao Tong University High Performance Computing Center,PCI,GPU,Volta Multi-Process Service,NUMA","computation,gpu,dgx2,machine,school,institution"
NVIDIA GTC 2020,University of Tennessee,MAGMA: Accelerating Linear Algebra Through Mixed-Precision and Tensor Cores [S21557],112,"Linear algebra,Matrix multiplication algorithm","MAGMA,GPU,Classic",
NVIDIA GTC 2020,CETYS Universidad,MemEAPF for Mobile Robot Path Planning on Jetson Platform [P21986],114,"Artificial turf,Implementation,Mobile robot,Nvidia Jetson,Pathfinding",,"membrane,evolutionary,computing,efficiently"
NVIDIA GTC 2020,National University of Singapore,Mobile Manipulation Toward Cleaning Dining Tables [P22364],118,Human impact on the environment,GPU,"developing,hence"
NVIDIA GTC 2020,NVIDIA,Multiphysics Software Development in the Age of AI [P21687],135,Neural network,,"equation,pdes,solve,multiple,geometry,namely"
NVIDIA GTC 2020,Tarleton State University,N-Body Simulation of Binary Star Mass Transfer [P21883],109,"Binary system,Mass transfer",,"study,contactbinary,evolution,galaxy,abundance"
NVIDIA GTC 2020,NVIDIA,Overcoming Latency Barriers: Strong Scaling HPC Applications with NVSHMEM [s21673],121,"American Association for the Advancement of Science,Multinomial distribution","HPC,GPU,NVSHMEM,QUDA,MILC,Chroma,InfiniBand,Summit","gpus,nvshmem,scaling,timetosolution"
NVIDIA GTC 2020,University Of South Florida,Parallel Index-Based Search Operation for Database Systems via GPUs [P21987],132,"Database,Database index","GPUs,algorithm,GPU","characteristic,gpus,optimizing,utilization,gpu,technique,searching,handling"
NVIDIA GTC 2020,University of Alaska Fairbanks,Rapid Pathogen Genomics using Nanopore Sequencing and GPUs [P22462],74,Wastewater surveillance,"Clara Genomics Analysis SDK,GPU","used,analysis,combination,nanopore"
NVIDIA GTC 2020,University Of Illinois at Urbana-Champaign,Rebalancing the Load: Profile-Guided Optimization of the NAMD Molecular Dynamics Program for Modern GPUs using Nsight Systems [s21547],131,"Dynamics,Graphics processing unit","Nanoscale Molecular Dynamics,Nsight Systems,Nsight Compute,NAMD,CPU,GPU","performance,cpu,doubled,profileguided"
NVIDIA GTC 2020,UC San Diego - San Diego Supercomputer Center,Running Multi-Messenger Astrophysics with IceCube Across All Available GPUs in the Cloud [S22206],153,"Boss Doctor Rhythm DR-110,Computational model","AWS,GCP,the IceCube Neutrino Observatory,GPGPU,IceCube,GPU","ice,gpus,simulation,icecube,neutrino,needed,natural,peak,marshaled"
NVIDIA GTC 2020,Abertay University,Runtime Analysis of Spatial Structure: A CUDA Implementation of Minkowski Functionals [P21829],94,Protein structure,"Minkowski,CUDA","openacc,interested,simulated"
NVIDIA GTC 2020,The Georgia Institute of Technology,Scaling Deep Learning Interpretability by Visualizing Activation and Attribution Summarizations [S21808],156,"Neural network,Systems engineering","Summit,ImageNet","feature,neuron,visualization,summarizes,learned,technique,aggregation,large,image"
NVIDIA GTC 2020,Berkeley,Self-Supervised Robot Learning from Pixels [s21921],125,"Cognitive skill,Occipital lobe,Perception,Robot,Robotics",algorithm,"representation,learning,policy"
NVIDIA GTC 2020,National Tsing Hua University,Sim-to-Real: Virtual Guidance for Robot Navigation [P22224],134,"Radio navigation,Scientific method",Husky,"robot,module,virtual,based,single"
NVIDIA GTC 2020,Carnegie Mellon University,*Top 5 Poster Nominee - Photometric Mesh Optimization for Video-Aligned 3D Object Reconstruction [P22276],129,"3D reconstruction from multiple images,Component video",RGB,"photometric,shape,optimizing"
NVIDIA GTC 2020,Simula Research Laboratory,Toward Detailed Organ-Scale Simulations in Cardiac Electrophysiology [P21982],58,Cardiac electrophysiology,,"simulation,introduces,describes,challenge"
NVIDIA GTC 2020,Prague,Toward Optimal Implementation of Lattice Boltzmann CFD Simulator for Multi-GPU Clusters [P21922],94,Lattice Boltzmann methods,"GPU,LBM,HPC","lbm,gpus,available,general"
NVIDIA GTC 2020,Jlich Supercomputing Centre,Uniform Tasking on GPUs and CPUs: Task Queues Reloaded [P21938],132,"General-purpose computing on graphics processing units,Scheduling (computing)","GPU,C++","optimization,gpus,performance,thread,difference,provide,cuda,finegrained"
NVIDIA GTC 2020,NVIDIA,Virtual GPU Computing for HPC: Improving System Utilization Through GPU Virtualization [S21827],55,"Cloud gaming,Supercomputer","Clemson University's,NVIDIA,GPU,Metamoto,the Open Connected Autonomous Vehicle,HPC","applying,maximize,investment"
NVIDIA GTC 2020,Arup,Affordable Modeling of Complex Extreme Events in the Built Environment Using GPU-accelerated CFD [S21373],96,Newton's method,"CFD,GPU","zenotech,using,arup,exemplified,zcfd"
NVIDIA GTC 2020,Yonsei University,Anomaly Detection of Diesel Engine Using Deep Learning with Xavier [s21394],67,Turing machine,"NVIDIA,Xavier","using,nvidias,xavier,equipment,developed"
NVIDIA GTC 2020,National Institute of Advanced Industrial Science and Technology,A Software Systolic Array on GPUs [P22277],144,Systolic array,"CUDA,HPC,algorithm,NVIDIA,NPP","gpus,cuda,stencil,convolution,implementation,kernel,propose,memorybound"
NVIDIA GTC 2020,Kohn Pedersen Fox Associates,Designing Better Cities with Deep Learning and Performance Simulation [S21493],133,"Architectural Design,Daylight saving time,Generative adversarial network",,architecture
NVIDIA GTC 2020,McKinstry,Drones Machetes Fire and VR: 21st-Century Tools for Social and Sustainable Impact [s21515],122,"Kosrae,Workflow","Kosrae,Micronesia,Vorovoro,Fiji","indigenous,technology,climate,remote,community,developing,vorovoro"
NVIDIA GTC 2020,Neoscape,GPU Rendering for Architectural Visualization [S21657],85,,"NVIDIA,GPU,Chaos,Epic Games","neoscape,gpu,technology,rendering,rtx"
NVIDIA GTC 2020,Tokyo Institute of Technology,High-Resolution Image Reconstruction on Supercomputers [P21724],105,"Apache Spark,CT scan,Iterative reconstruction","CT,GPU,MPI","propose,gpus,respectively,communication,requires"
NVIDIA GTC 2020,Mortenson Construction,Immersive Reality Improving the Construction Industry [S22168],83,"Healthcare industry,Patient",ROI,"mockups,improve,country,primary"
NVIDIA GTC 2020,Chaos Group,Latest Advancements for Production Rendering with V-Ray GPU and Real-Time Raytracing with Project Lavina [S22197],27,"Nvidia RTX,Project 23900 amphibious assault ship,Pythagoras ABM,Ray tracing (graphics),Video card","DXR,Project Lavina","optix,dxr"
NVIDIA GTC 2020,ESI Group,Leveraging OptiX 7 for High-Performance Multi-GPU Raytracing on Head-Mounted Displays [S21425],123,"GeForce 30 series,Nvidia RTX,Ray tracing (graphics),Turing (microarchitecture)","RTX,GPU,ESI,Helios",demonstrate
NVIDIA GTC 2020,University of Tokyo,Low-Cost OpenACC Porting of Matrix Solver with FP21-FP32-FP64 Computing: an Earthquake Application [P21886],83,"Graphics processing unit,HTTP 404,Quantum computing","GPU,CPU","solver,cpubased,openacc,useful"
NVIDIA GTC 2020,Tarleton State University,N-body Adaptive Optimization of Lattice Towers [P21881],163,"Electric power transmission,Mathematical optimization,Physiological cross-sectional area,Transmission tower",the United States,"beam,heavily,proportional,thicker"
NVIDIA GTC 2020,Adobe,PBR Material Creation from a Single Picture in Substance Alchemist [S22194],59,List of Bollywood films of 2019,"RTX Tensor Cores,Substance",presenting
NVIDIA GTC 2020,NVIDIA,Ray-Traced Virtual Reality in Omniverse [S22029],137,"New Payments Platform,Ray tracing (graphics),Warez scene",,"viewer,quality,rendering,performance,strategy,ominverse,different"
NVIDIA GTC 2020,NVIDIA,Real-Time Ray-Traced Ambient Occlusion of Complex Scenes using Spatial Hashing [S22170],123,"Ambient occlusion,Global illumination,Real-time computer graphics",CAD,"using,technique,noise,essence,surroundings,darker"
NVIDIA GTC 2020,NVIDIA,Semi-Supervised Three-Dimensional Reconstruction with Generative Adversarial Networks [P21908],142,"3D reconstruction,Scientific method","3D,GAN","ss3dgan,observation,gan"
NVIDIA GTC 2020,University of Cordoba,Tensor Core Accelerated Sparse GEMM [P21866],77,"Deep learning super sampling,Matrix multiplication,Sparse matrix,Tool","CUSP,cuSPARSE",
NVIDIA GTC 2020,Theia Interactive,Virtual Reality's Continued Impact in the World of AEC [s22129],80,"Pilot experiment,Virtual reality","Theia Interactive,AEC,Unreal Engine","seemed,decide,used"
NVIDIA GTC 2020,Honda R&D,A Study of Pedestrian Protection CAE Using GAN [S21438],124,"Traffic collision,World Health Organization","the World Health Organization,New Car Assessment Program,NCAP,CAE","cae,fatality,reduce,improve,according"
NVIDIA GTC 2020,NVIDIA,Automating DNN Design for DRIVE AGX: Platform-Aware Neural Architecture Search [S21666],130,"Deep learning,Neural network","VGG,NAS,optimal,NVIDIA","dnns,become,using,architecture,contributed"
NVIDIA GTC 2020,KAIST (Korea Advanced Institute of Science and Technology),Beyond-Line-of-Sight (BLOS) Perception System for Autonomous Vehicles [P21842],72,"Perception,Unmanned aerial vehicle,Vehicular automation,Visual perception",,technology
NVIDIA GTC 2020,INC.,Bike-Share Demand Prediction from Partial Future data Using Conditional Variational AutoEncoders [P21739],120,Deep learning,"Variational AutoEncoders,Conditional Variational AutoEncoders,Partial Future","bikeport,bikeshare,rebalance"
NVIDIA GTC 2020,Autodesk,Bringing the Autodesk VRED Raytracer to the GPU [s21344],54,"Autodesk,Virtual prototyping","VRED,GPU",nvidia
NVIDIA GTC 2020,Foretellix,Coverage-Driven Verification for Ensuring AV and ADAS Safety [S22183],147,"Evolution,Safety data sheet,Self-driving car",,"verification,reached"
NVIDIA GTC 2020,National Taiwan University,Deep Learning for 3D Vision (Point Clouds) [S21112],147,"Emerging technologies,Self-driving car","VR/AR,lidar,RGB-D,3D,voxel,ScanNet,KITTI","example,camera"
NVIDIA GTC 2020,fka GmbH,Drones as a Tool for Development and Safety Validation of Automated Driving Functions [P21913],136,Self-driving car,Germany,"roaduser,using,trajectory,drone,recording,naturalistic,intersection,dataset"
NVIDIA GTC 2020,Ford Motor Company,Eliminating Hidden Bias in Autonomy and Beyond [S22701],95,"Ford Motor Company,K-means clustering,Lion (2016 film),Machine learning,Regulation",Ford,
NVIDIA GTC 2020,KAIST,"End-to-End Learning with Combined ""Real-World"" and ""Sim-World"" Datasets [P22060]",90,"Kubeflow,Self-driving car,Simulation,Simulation hypothesis","KIAPI,Korea","kiapi,using,datasets"
NVIDIA GTC 2020,Ford Motor Company,Generating Diverse and Photorealistic Synthetic Data for Real-World Perception Tasks [S21321],131,"Generative adversarial network,Screen tearing",,"translation,discriminator,realworld"
NVIDIA GTC 2020,Ltd.,Geolocation of Traffic Lights and Signs Using Dashcam: Toward Low-Cost Map Maintenance [P21912],125,"Self-driving car,Shooting of Philando Castile",the Global Navigation Satellite System,"maintained,possible,timeconsuming"
NVIDIA GTC 2020,NVIDIA,GPU-Accelerated Data Pipeline and Machine Learning on DRIVE AGX using RAPIDS [S21665],140,"Data science,Nvidia Drive,PCI configuration space","NVIDIA,RAPIDS","analytics,rapid,demonstrating,include,pipeline,driving,gpus,driver"
NVIDIA GTC 2020,Nagoya Univeristy,Improving Performance Limits of Obstacle-Avoidance Driving with Randomized Model Predictive Control Using GPU [P22242],92,,GPU,"controller,samplingbased,solve,optimization,increase,car,performance"
NVIDIA GTC 2020,Toyota Technological Institute,Object Recognition and Tracking Utilizing Millimeter-Wave Radar by Deep Neural Networks [s21188],136,Rotational spectroscopy,CNN,"applying,parking,shape,necessary,adverse"
NVIDIA GTC 2020,Zoox,Optimizing TensorRt Conversion for Real-Time Inference On Autonomous Vehicles [S22198],123,Neural network,"GPU,Zoox","operation,inference,accuracy,zoox,pipeline,training,optimized,deployment"
NVIDIA GTC 2020,Numeric Systems GmbH,Pacefish: GPU-Accelerated CFD from Scratch to Market [S21926],126,"List of computer simulation software,Turbulence","GPU,Pacefish",challenge
NVIDIA GTC 2020,NVIDIA,Panoptic Segmentation DNN for Autonomous Vehicles [S21879],141,Image segmentation,NVIDIA,"dnn,instance,semantic,vehicle,agx"
NVIDIA GTC 2020,3D Mapping Solutions GmbH,Precise Ultra HD Map Data as Basis for NVIDIA DRIVE Sim Virtual Testing and Simulation [S22273],106,"Digital twin,Grid reference,Network virtualization",Digital,"basis,simulation"
NVIDIA GTC 2020,NVIDIA,PredictionNet: Predicting the Future in Multi-Agent Environments for Autonomous Vehicle Applications [S21899],113,"Deeplearning4j,Machine learning,Neural network,Self-driving car",PredictionNet,"prediction,predicting,dnn,classical"
NVIDIA GTC 2020,NVIDIA,PyTorch-TensorRT: Accelerating Inference in PyTorch with TensorRT [S21671],149,"AI accelerator,DLA,Deeplearning4j,Nvidia,Self-organizing network","GPUs,ONNX,DL,Tensorflow,TF-TRT,PyTorch","tensorrt,tensorflow,ops,pytorch,runtime,gpus"
NVIDIA GTC 2020,Dassault Systemes,RTX-accelerated Stellar GPU Gi Behind the Scenes of the SIGGRAPH 2019 Demo of the 3DS Global Illumination Renderer [s21315],95,"AMOLED,Global illumination,Rendering (computer graphics)","Stellar GPU GI,GPU,Dassault Syst츾춷mes","feature,developed,gpu,2019,rendering,rtx"
NVIDIA GTC 2020,DDN,Scalable Storage Environments Optimized for Autonomous Driving (Presented by DDN) [S22671],129,"Data management,Self-driving car","AI,HPC","computing,service,solution,massive"
NVIDIA GTC 2020,NVIDIA,Sensor Processing with the NVIDIA DriveWorks SDK: Abstraction Algorithms and Acceleration [S21714],138,"Nvidia Drive,Self-driving car","DriveWorks,the DriveWorks Sensor Abstraction Layer,DRIVE","driveworks,module,developer,providing,nvidia,sensor"
NVIDIA GTC 2020,NVIDIA,Smart Cities in the Cloud: NVIDIA Metropolis on Red Hat OpenShift [S21994],31,"Metropolis됟astings algorithm,OpenShift","Red Hat,NVIDIA,Metropolis,EGX,Red Hat OpenShift","collaboration,integration,egx,demo"
NVIDIA GTC 2020,Amherst,Super SloMo: High-Quality Estimation of Multiple Intermediate Frames for Video Interpolation [P22420],13,"Computational linguistics,Plain",,present
NVIDIA GTC 2020,NVIDIA,Temporal Information Prediction for Perception in Autonomous Vehicles [P22335],128,"Cell therapy,Dick Van Dyke filmography,Self-driving car,Sergei Lemberg,Temporal information retrieval",,"prediction,automatic,obstacle,academia,industry"
NVIDIA GTC 2020,Amazon,Terrain Traversability Estimation using Normal Distribution Transform on GPU in Amazon Scout [S21179],127,"Gaussian surface,Induction hardening,Nondestructive testing","Amazon,3D NDT,NVIDIA,NDT,Amazon Scout","scout,autonomous,navigate,safely,amazon,robot"
NVIDIA GTC 2020,NVIDIA,Toward Large-Scale Steady-State Computational Fluid Dynamics Acceleration with Point Cloud Networks [P22049],130,"CFD in buildings,Computational fluid dynamics,Highly accelerated life test,List of AMD accelerated processing units","CFD,131k,GPU","solution,evaluate,solver"
NVIDIA GTC 2020,ANSYS,Ultra-Fast Radar Simulation for Radar System Design and Automotive Applications [s21966],140,"Hardware-in-the-loop simulation,Imaging radar","ADAS/AV,GPU,SBR,CUDA,Doppler","application,automotive,solver"
NVIDIA GTC 2020,Nanyang Technological University,Virtual Validation of Automated Vehicle Safety: Challenges Lessons Learned and Opportunities [S21658],140,"Emulation for Logic Validation,Self-driving car,Vehicular automation","VV,VTP,Constellation,CETRAN (Nanyang Technological University,Singapore","simulation,vtp,perception,weakness"
Big Data 2019,Bouvet Norge AS,A Practical-ish Introduction to Data Science,143,"Data science,Machine learning","Data Science,Data Scientists,Data Science and Machine Learning,Python","used,described"
Big Data 2019,Wolfram Research Europe Ltd.,You can AI like an Expert,268,"Automatic content recognition,Computer vision,Image segmentation,Machine learning,Outline of object recognition,Wolfram Language","Wolfram,Rock, Paper,Wolfram Language","symbolic,predictor,possible,example"
Big Data 2019,RavenPack,Deep Learning for Lazy People... Neural Architecture Search with Automated Machine Learning,97,"Automated machine learning,Deep learning","Deep Learning,AML,Deep Learning Architectures","clairvoyant,able,aml,choosing"
Big Data 2019,Utrecht University,Predicting the Moment of Birth using Sensor Data in Dairy Cows,165,Pipeline (computing),,"calving,using,feature,herd,different,day,calf"
Big Data 2019,Microsoft,Knowledge and AI Powering Microsoft & Office 365 Products,312,Microsoft Bing,"Data,Artificial Intelligence,Knowledge & AI,Microsoft,Microsoft Cognitive Services,AI/Knowledge","knowledge,david,technology,service,powered,audience,enterprise,organization,aiknowledge"
Big Data 2019,codecentric AG,Practical Data Science - How to Track Your Development Process with DVC,93,"LSI Corporation,Machine learning,Patterns in nature,Solution",,evolved
Big Data 2019,Vinted,(Un)ethical Artificial Intelligence: How to Keep the AI Fair for Everyone,77,"Applications of artificial intelligence,Artificial Intelligence System,Artificial intelligence,Machine learning,Symbolic artificial intelligence,Trolley problem",,
Big Data 2019,Cloudera,Secure IoT Command Control and Exfil with Apache MiNiFi,134,"Cross-industry standard process for data mining,Internet of things,Open-source hardware,Pre-existing condition","Apache MiNiFi,central command & control,Apache NiFi,Mirai","command,deployed"
Big Data 2019,Legal IT Group,Big Data Legal Issues. GDPR and Contracts,114,"Educational technology,Exchange rate,Foreign exchange market,Social data revolution",,"determine,experience,describe,general,architecture,tim"
Big Data 2019,iunera GmbH & Co. KG,Predicting Cryptocurrency Exchange Rates with Stream Processing Social Data and Online Learning,54,"Cryptocurrency wallet,Exchange rate,Foreign exchange market,Social data revolution,Social media",,"determine,possible,twitter"
Big Data 2019,Schibsted,Routing Billions of Events a Day: How we Do Routing in Schibsted,214,"Apache Kafka,Data quality,Mixer (service),Multipath routing",Nordic,"consumer,allows,datasets,schibsted,using,providing"
Big Data 2019,New York University,How can Artificial Intelligence use Big Data for Translating Documents?,105,"Artificial intelligence,Machine translation","Big Data,Artificial Intelligence","used,learning,presentation,corpus"
Big Data 2019,Outbrain,From Spark to Elasticsearch and Back - Learning Large Scale Models for Content Recommendation,53,"Algorithm,Recommender system","Spark,Elasticsearch","latency,challenge,elasticsearchbased"
Big Data 2019,Confluent,Everything you Wanted to Know about Apache Kafka but you Were too Afraid to Ask!,97,"Apache Hadoop,Mixer (service)",ETL,"emerged,exactly"
Big Data 2019,inovex GmbH,Are You Sure about That?! Uncertainty Quantification in AI,97,"Apache Hadoop,Mixer (service)",ETL,"emerged,exactly"
Big Data 2019,Olocip,Real Time Decision Making in Professionals Sports. From Description to Prediction and Prescription.,128,Artificial intelligence,Artificial Intelligence,"football,thanks,collected,try,answered,example"
Big Data 2019,IBM,Big Data Information Architecture for AI,126,"Application performance management,Artificial Intelligence System,Artificial intelligence,General knowledge","IBM,Watson,Jeopardy,L칙춫Oreal,Iplexia,Ask Mercedes,Rational DOORS,Maximo","watson,ibm,factory,famous,2011"
Big Data 2019,Coolblue B.V.,Data Discovery with Amundsen,156,"List of big data companies,Roald Amundsen,Tool (band)",Amundsen,"using,table,already,people"
Big Data 2019,KNIME,The Creative Side of AI: Product Name Generation,104,"Creativity and mental health,Neural network,Product naming,Write-in candidate","Recurrent Neural Networks,Kathrin,Keras,TensorFlow,KNIME Analytics Platform","lstm,propose,solution"
Big Data 2019,Codewise,Computational Propaganda - How Algorithms Influence our Decisions,125,Dominican Republic,"Active Users,Google,digital,Cambridge Analytica,Brexit","people,decision,manipulation,facebook,google"
Big Data 2019,Databricks,Deep Learning at Scale: Distributed Training and Hyperparameter Search for Image Recognition Problems,94,Computer vision,Horovod,
Big Data 2019,SAP,Digital Business: Tomorrow is Already Here,90,"Business model,Digital transformation,Non-compete clause","Digital,blockchain","company,reimagine"
Big Data 2019,LINK Institute,Turning a Wasting into a Learning Culture - Combining NLP and Neural Networks to truly Understand and Predict Customers' Behaviour,122,"Customer Survey,Customer service,Observation,Product optimization,Unit of observation",,"based,wasted,used"
Big Data 2019,Philip Morris International,Data Science at PMI - The Tools of The Trade,259,Data science,"Michal,PMI,Artifactory,Cookiecutter,GitFlow,Jupyter,Python,Docker,AWS,Jenkins","every,docker,engineering,challenge,moving,jupyter,building,pmi"
Big Data 2019,Tink,Optimize your Data Pipeline without Rewriting it,184,"Engineer,Pipeline (computing),Response",,"optimize,putting,production,easy,try,experience,efficient,outcome,holistic"
Big Data 2019,Cognizant,Making Data Scientists Productive in Azure,88,"Collaboration,Data analysis,Data science",Data Science Virtual Machines and Cognitive Services,"azure,service,machine,production,challenging"
Big Data 2019,Excella,Real-Time Data Streaming with Azure Stream Analytics,144,"Azure Stream Analytics,Real-time data,Split decision","Azure Stream Analytics,the Azure Stream Analytics","imperative,able"
Big Data 2019,Rancher Labs,Building a Scalable Data Science & Machine Learning cloud using Kubernetes,210,"Building design,Data science","Data Scientists,Data Science","kubernetes,requirement,architecture,shared,presentation,team,cloud,tagline"
Big Data 2019, Adform,Machine Learning Engineering,86,Machine learning,,tweaking
Big Data 2019,Teradata Corporation,The Future of Traditional Shopping Driven by Customer Centric Approaches,202,Artificial intelligence,"Multi-Genre-Analytics,Web Analytics","customer,range,evolve,loyal,analytics,omnichannel,coming"
Big Data 2019,Telefonica S.A.,A Game Theory Approach for Data Driven Business Decisions: Use Case in Portfolio Optimization,362,"Decision-making,Game theory,Retaliation (disambiguation)",Monte Carlo,"portfolio,possible,company,business,competitor,information,reduction,market,useful,strategy"
Big Data 2019,MGCodesandStats,Predicting Hotel Cancellations with Machine Learning,113,"Lost sales,Online hotel reservations,Project cancellation",SARIMA,"machine,technique,used,employed,industry"
Big Data 2019,TouK,Stream Processing for Analysts with Flink and Nussknacker,135,"Advanced Stream Redirector,Real-time","Apache Flink,Flink,Maciek","flink,used,maciek,analyzing,quite"
Big Data 2019,Yepic,Overview of Generative Adversarial Networks (GANs),185,,"Generative Adversarial Networks,https://arxiv.org/abs/1710.10196","adversarial,gans,generative,achieve,variety,learning,recently,application"
Big Data 2019,SHI GmbH,cGAN for Automatic Site Selection of Cultural Venues [P22404],147,Domain driven data mining,,"challenge,streaming,architecture"
Big Data 2019,VaHa,Big Data Serving: The Last Frontier. Processing and Inference at Scale in Real Time,51,"A-ha,Big data",,learning
Big Data 2019,winand.at,More Than a Query Language: SQL in the 21st Century,107,"Instant messaging,MySQL,Relational model","Great News,SQL","decade,changed,release,provoking"
Big Data 2019,Peekdata.io,Embedded Analytics through Data API or What Big Companies are Hiding from You,185,,"ETL,BI,Data,Analytics","company,analytics,development,selfservice,many,giving,apis,experience"
Big Data 2019,Electric Brain Software Corporation,Best Practices for Building AI Datasets,54,"Artificial intelligence,Deccan Chargers,Globally Harmonized System of Classification and Labelling of Chemicals,Labeled data",,datasets
Big Data 2019,TNO,Runtime Modifications of Distributed Big Data AI Models and Its Parameters,162,"Big data,Data analysis,Data processing,OpenAI","Big Data,Hadoop,Apache Spark","change,etc"
Big Data 2019,Danske Bank,The Journey Through Real Estate Price Model Development,68,"Average selling price,Jonathan Antoine,Lithuania","Vygantas,Denmark","together,predicts,denmark,different"
Big Data 2019,Elastic,Better Data Exploration and Visualisation with Elasticsearch and Kibana,138,"Data collection,Data science,Static program analysis","Elasticsearch,Kibana","prototyping,elasticsearch,effective,rarely,convenient,operator"
Big Data 2019,Dr. B'hlmeier Consulting,Breakthroughs and the Future of (Deep) Reinforcement Learning,66,"Reinforcement,Reinforcement learning,Stanford University Computer Science,Video game",Reinforcement Learning (RL,"demonstrate,attention,presentation,elaborate,foundation,implemented"
Big Data 2020,Redis Labs,Redis: a Multi-Model DB for IoT and Beyond,72,"Integrated development environment,Man-Thing,NoSQL,Open-source software","Redis,Big Data,JSON","redis,foundation,discussed"
Big Data 2020,ODPi Egeria & IBM,Graph Processing for Open Metadata and Governance,78,Distributed computing,"Egeria,JanusGraph","technology,enterprise,service"
Big Data 2020,IT Architect Specializing in Data Analytics and Cloud Computing,Data Governance From an Engineering Perspective,36,E-governance,,"nothing,fence,sure,like"
Big Data 2020,Cloudera,Introduction to FLaNK Stack,44,"Apache Kafka,Apache Kudu,Apache License,Apache NiFi","Apache Flink,Apache Kafka,IoT, AI","application,iot,introducing"
Big Data 2020,Elastic,Best Practices for Building Streaming Data Architectures,85,The Arthur Pequegnat Clock Company,,"architecture,style,theory,struggle,transforming,characteristic,something"
Big Data 2020,Confluent,Kafka as a Platform: the Ecosystem from the Ground Up,176,"IT infrastructure,Mixer (service),Public key infrastructure","Confluent,Big Data","message,consumer,apis,messaging"
Big Data 2020,Phoensight,In the Shallow with AI,111,"Artificial intelligence,Elicitation,Human intelligence",,"integrate,society,recognised,humansintheloop,focused"
Big Data 2020,ServiceNow,5 Pillars of User-Centric Analytics,107,"Analytics,Big data",,"company,decisionmaking"
Big Data 2020,Code4Thought,Data Versioning What Does it Mean?,178,"Free and open-source software,Object storage,Open source,Software versioning","DoltHub,Update,ACID","manage,solution,pipeline,growing,git"
Big Data 2020,Schibsted,Predicting Cryptocurrency Exchange Rates with Stream Processing Social Data and Online Learning,45,Systems design,,"designing,seems,presenter,pitfall,billion,cope,talk,harder,load"
Big Data 2020,Microsoft,Azure Synapse Analytics Overview,105,"Linktree,Microsoft Azure","Synapse Analytics,Big Data,Azure Synapse Analytics","brings,together"
Big Data 2020,Starburstdata,Interactive BI Analytics with Presto,159,"Data source,Isolation (database systems),Open source,Presto (SQL query engine),Use case","SQL,Airbnb, Facebook,LinkedIn, Lyft, Netflix, Twitter,Presto,Object Stores,HDFS,RDBMS,BI,Elasticsearch,Lukasz,Karol",presto
Big Data 2020,Spot Intelligence,Designing and Building Data Science Solutions,88,"Business-to-business,Customer success,Data science,Data type",,"ability,impactful,daunting"
Big Data 2020,SHI GmbH,Adding AI Cloud Services to Your On-Prem Data Workflows for NLP & Content Enrichment,177,"Cloud computing,Data source,Machine learning",Daniel,"challenge,pipeline,onpremise,enriching,processing,training"
Big Data 2020,RavenPack,From the Earth to the Moon: Lessons from the Space Race to Apply in Machine Learning Projects,82,"Space Race,Space technology,United States Space Force","EEUU,Soviet Union","eeuu,conquer,incredible"
Big Data 2020,ByTek,Analyzing Public Data About User Queries on Search Engine to Predict Trends and Evaluate Markets,66,"Interest,Kiuwan,List of search engines,Static program analysis",NLP,"analyze,keywords,query"
Big Data 2020,TechGDPR,The GDPR Challenges to Big Data and How to Overcome Them,84,"Data analysis,Data exchange,Market data,Personal data,Radical Change,Silvan Shalom",GDPR,used
Big Data 2020,Hazelcast,Real-Time Streaming with Python ML Inference,160,"Collaboration tool,Data science,Machine learning","Python,Java","python,capability,making"
Big Data 2020,Datatonic,ML in Production - Serverless and Painless,177,"Automated machine learning,Case study,Data mining,Data science,ML,Machine learning","Oliver,Tensorflow,Google Cloud Platform","become,mobile,daunting"
Big Data 2020,GRADIANT,Advanced Analytics in the Industry,89,"Artificial intelligence,Cross-industry standard process for data mining,Information industry,List of artificial intelligence projects","Congress,Iberm츾춰tica,OEE,Phenobyte","experience,description,gradiant,realtime"
Big Data 2020,Human Technologies,Ethical Side of Booming AI,68,"Expect,Morality",,"deliver,future,humany,technology,humanfaced"
Big Data 2020,REEA,Supercharge your Data Analytics with BigQuery ML,162,"Google Cloud Platform,Machine learning,Query letter","BigQuery ML,SQL,TensorFlow,BigQuery Models,BigQuery","database,language"
Big Data 2020,PREVINET,Real-Time Stream Processing for Insurance & Health Care With Kafka Kafka Streams and Multi-Runtime Microservices,197,Principal component analysis,mongo,"microservices,used,processing,scala,heavily,resilient,different,developed,usually,based,akka,storage"
Big Data 2020,Hazelcast,Introduction to Data Streaming,224,"Batch processing,Stream processing,Streaming data","Switzerland,OpenData,Hazelcast","possible,software,eating,able,emerge,faithfully"
Big Data 2020,Monte Carlo,Making Data Downtime a Pillar of Your Data Strategy,63,Principal component analysis,Barr,"barr,introduce"
Big Data 2020,Code4Thought,Trust and Quality in the Era of Software 2.0,178,"ML,ML.NET,Machine learning,Quality","Accuracy,F.A.T.,Fairness,Transparency","deliver,transparency,yiannis,potential"
Big Data 2020,ThinkCol,Towards Enterprise-Grade Data Discovery at ING with Apache Atlas and Amundsen,72,"Case study,Practical Magic","AI,Kane,Hong Kong","company,discus,experience,discussing,create"
Big Data 2020,ING Bank,Machine Learning Engineering,126,"Big data,Data mining,Data science,Democratization,Dublin Oldschool,Implementation,System context diagram","ETL,Verdan,Apache Atlas,Lyft,Linux Foundation,Big Data,ING","prerequisite,transforming"
Big Data 2020,paf,The Importance of Good Data Quality and Understanding of Visitor Behavior,73,"Data quality,Machine learning",Facebook,"customer,measure,becoming,facebook,google"
Big Data 2020,Hawk:AI,Exoplanet Detection Using Machine Learning,260,Machine learning,"algorithm,classifier,Kepler,AUC,Nasa,Transiting Exoplanet Survey Satellite,TESS","lightcurves,feature,used,able,based,technique,using,conventional,lightcurve,recall"
Big Data 2020,Aizonic,Streaming Processing - an Overview of the Concepts Architecture and Technology of Doing Data Science on Real-Time Data,168,"Financial services,Services marketing,Stream processing","Bas,IoT","architecture,solution,becoming,healthcare"
Big Data 2020,Intellisystem Technologies,Covid-19: Big Data Analytics and Artificial Intelligence,94,"Economic impact analysis,Francis II of France,Health care",,range
Big Data 2020,Credit Sesame,The Intuition Behind the Use of M.L. in Marketing Analytics,220,"Computer vision,Predictive modelling","Artificial Intelligence (AI,Cross","technology,advance"
Big Data 2020,iunera GmbH & Co. KG,Stopping Public Transport Coronavirus Infections with Big Data,49,"Big data,Infection,Public transport","Coronavirus,Big Data",infected
Big Data 2020,Fundbox,Orchestrating Data Workflows Using a Fully Serverless Architecture,158,Docker (software),"Fundbox,AWS StepFunctions,Tomer,BI","fundbox,resource,company,scheduling,dependency,engineering,architecture,tomer,scalable,overcome"
Big Data 2020,Hybrid Theory,Big Data Architecture in the Advertising Industry,65,"Data science,Engineer",Apache Airflow,
Big Data 2020,Digital Fingerprints,From Internet Access Devices Usage to Behavioural Model,131,"Sony ILCE camera,Tablet computer",,"feature,important,information,gathered,device,transferred"
Big Data 2020,"AI Product Institute, Silicon Valley",Product Management Principles to Drive Businesses in the AI Era,135,"Business domain,Corporate sustainable profitability,Try, Try, Try","Amazon,Google",
Digital Work 2020,MIT Sloan School of Management,Keynote Address: The CX-EX Connection (*All Times EDT),63,Massachusetts Institute of Technology,MIT,"digital,finding,dynamic,technology,management"
Digital Work 2020,"Dell Technologies, Vmware",Case Study: Building a Future Ready Workforce with VMware (*All Times EDT),56,"Bitwise operation,Dell Technologies,Dell monitors,Remote support",Dell Technologies,"moving,becoming"
Digital Work 2020,IBM,Effectively Embedding User Researchers and Designers on Agile Teams (*All Times EDT),151,"Design됵uild,Integration,Software design pattern","Philosophical & logistical,Agile","agile,designer,deliver,challenge,clearthat"
Digital Work 2020,AI in Business,Harnessing AI in the Next-Gen Digital Workplace (*All Times EDT),219,Virtual workplace,"Artificial Intelligence (AI,UK,All-Party Parliamentary Group,APPG,Katie,Success","pragmatic,culture,structure"
Digital Work 2020,Wells Fargo,Moving to Microservices: Building an Integrated Digital Experience (*All Times EDT),43,"Dependency injection,Integrated workplace management system,Model village,Service-oriented architecture,Virtual workplace","Wells Fargo's,Digital Workplace VP,Christy Punch",financial
Digital Work 2020,Facebook,Leaning Forward on the Employee Journey at Facebook (*All Times EDT),84,Telecommuting,"Facebook and Sameer Chowdhri, Global Head HR Solutions,Facebook",
Digital Work 2020,Ideal State,Selecting the Right Tech for Your Intranet: A Practical Approach To Getting It Right (*All Times EDT),116,"Management style,Organizational culture","Ideal State,Cystic Fibrosis Foundation,CFF,Beezy","cff,provider"
Digital Work 2020,SAP,What's Hot: Trends in Productivity and Experience in the Intelligent Digital Workplace (*All Times EDT),107,"Market trend,Virtual workplace","SAP,IDC","future,employee"
Digital Work 2020,SMG / CMSWire,[Roundtable Discussion] Developing a Future Ready Workforce (*All Times EDT),58,"Conversation,Learning curve,Telecommuting",,"covid19,crisis"
Digital Work 2020,Hootsuite,Moving Faster:  Ramping Up Internal Communications for Speed and Growth at Hootsuite (*All Times EDT),105,"Information exchange,Internal communications",Internal Communications at Hootsuite,"needed,team"
Digital Work 2020,Always Day One,Always Day One: How the Tech Titans Plan to Stay on Top Forever (*All Times EDT),223,"Virtual workplace,Workplace","Amazon,Google,Facebook,Microsoft,the tech giants',the tech giants","important,company,employee,strategy,secret,life,slowing"
Digital Work 2020,GE Healthcare,An Insider Guide to Building Stellar Learning & Development (*All Times EDT),138,Rpath,L&D,"organization,upskilling,reskilling,employee,skill,simply,evolving"
Digital Work 2020,Google,From Nesting to Neighborhoods: Minimize Spatial Scarcity and Improve Collaboration (*All Times EDT),70,"Datadog,Spatial memory",Google,"people,significant"
Digital Work 2020,Nexthink,Flexible Working - A New Era of Productivity (*All Times EDT),174,"Flextime,Telecommuting",optimal data,"technology,enable,opportunity,covid19"
Digital Work 2020,VMware,Leveraging a Digital Workspace App to Accelerate Employee Onboarding (*All Times EDT),149,"Citrix Workspace,Milestone (project management)","VMWare,Workspace ONE","office,organization,building"
Digital Work 2020,ServiceNow,Unleashing the Power of Technology to Deliver Great Employee Experiences (*All Times EDT),116,"Agile application,Digital signal processing",,"workplace,employee,company"
Digital Work 2020,Gannett,Activating Change Management Principles in your Learning and User Engagement Initiatives (*All Times EDT),129,Tool,,"training,initiative,workplace,communication,cycle,adoption,adopting,angst"
Digital Work 2020,IEEE ICICLE,AI + Human: A Total Reimagination of Learning and Work (*All Times EDT),135,"Artificial intelligence,Cloud computing,Computer performance,Moore's law",,"change,technology,employee,era,entered,industry"
Digital Work 2020,Reworked / CMSWire,The 2020 State of Digital Workplace Report (*All Times EDT),71,"COVID-19 pandemic in California,Virtual workplace","Managing Editor,VP of Research",surprise
Digital Work 2020,Fast Company,Keynote Address - What I Saw at the Workplace Revolution: Lessons from the Digital Frontlines (*All Times EDT),87,Information system,"Fortune,The Wall Street Journal",entrepreneur
Digital Work 2020,Workgrid,Employee Experience Needs a New Approach (*All Times EDT),60,Integrated workplace management system,Workgrid,"creating,challenge,siloed"
Digital Work 2020,Reworked/CMSWire,[Roundtable Discussion] Meeting the Employee Experience and Culture Expectations of Your Organization (*All Times EDT),42,"Conversation,Principlism",,"building,opportunity,peer"
Digital Work 2020,Shopify,It's in The Vault: Rebuilding our Company-Wide Wiki (*All Times EDT),167,Intranet,,comprehensively
Digital Work 2020,EIS,Streamlining Information Flows in the Digital Workplace: The Role of Artificial Intelligence and Knowledge Engineering (*All Times EDT),157,"Artificial intelligence,Digital Taylorism,Information architecture,Virtual workplace",the AI Powered Enterprise,"knowledge,getting"
Digital Work 2020,Microsoft,Work is Not a Place -- Its an Activity! (*All Times EDT),138,"Collaboration,Collaborative project management,Corporate governance,Corporate tax",Firstline Workers,"working,business,workspace,highlighted"
Digital Work 2020,Simpplr,The Intranet Industry Changed. Were You Paying Attention? (*All Times EDT),86,"List of Tanglin episodes (Episodes 1-508),Smart grid",,"organization,shaken"
Digital Work 2020,"RiverStone, Workgrid",4 Strategies for Creating a No Fail Employee Experience (*All Times EDT),107,Market environment,The Riverstone Group,"turning,figuring,productive,efficient"
Digital Work 2020,LumApps,How to Keep Employees Engaged: The Strategic Role of the Digital Workplace (*All Times EDT),82,"Research,Virtual workplace",,"informed,productive"
Digital Work 2020,Sinequa,How to Build a Digital Workplace that Actually Works (*All Times EDT),136,Virtual workplace,,"information,sinequa,experience"
Digital Work 2020,StitchDX,Hybrid Work: the Requisite Merger of Intranet & Teams into a Modern Digital Workplace (*All Times EDT),80,Virtual workplace,"COVID,Microsoft,Digital Workplace","company,becoming"
Digital Work 2020,Environmental Science Associates,Defining the Modern Intranet - the Backbone of Employee Experience (*All Times EDT),137,Intranet,,"employee,engagement,explore,productivity,garner,organization"
Digital Work 2020,Maker Turtle,Transformation Tactics: Managing Big Change (*All Times EDT),60,,"SVP,CIO,IDEX Corporation","series,story,thinking"
Digital Work 2020,Optimal Disruption,Keynote Address: Measuring Your Way to Digital Workplace ROI and Success (*All Times EDT),102,"Modern Family,Telecommuting,Virtual workplace",ROI,"business,using,creating,imperative"
Oracle 2020,Oracle,Oracle CEO Safra Catz at Oracle OpenWorld Europe,34,"Astrological aspect,Cloud computing,Emerging technologies,Financial technology",,"reshape,oracle"
Oracle 2020,Oracle,Oracle Autonomous Cloud - World Bee Project CIC,41,"Internet of things,Speciation",The World Bee Project,oracle
Oracle 2020,Oracle Cloud Infrastructure,A New Class of Cloud Infrastructure,23,"Analysis of algorithms,Complexity management,Data management,Emerging technologies,FAIR data,Reliability engineering,Software development process",,"eliminate,source,speed,learn,help"
Oracle 2020,Deloitte,Big Shifts that will Determine Your Future Business of Technology Operating,35,Information technology consulting,Business of Technology,"determine,ability"
Oracle 2020,Oracle Cloud,Oracle Cloud Drives Innovation and Real Change,32,"Cloud computing,Emerging technologies,Financial technology",,"reshape,interacting,automation,life,think,find"
Oracle 2020,Oracle,How to Turn Change into Opportunity,29,"Core business,Microsoft Azure,Oracle Cloud,Samsung SDS,User interface","blockchain,UI",explore
Oracle 2020,and Africa,How Oracle and Microsoft Hit Refresh,22,"Customer relationship management,Google Cloud Platform","Oracle,Microsoft","oracle,learn,benefit,support"
Oracle 2020,Oracle,Outpacing Change in a Disrupted World축 The New Core of Business,32,"Abcam,Artificial intelligence,Machine learning,Technology,User interface",,"discover,reshape"
Oracle 2020,PwC,People:Power:Machine,25,P versus NP problem,,"assurance,innovation,solve,world"
Oracle 2020,Asia Pacific and Japan,Oracle Cloud: A Path and Platform,55,"Buckminster Fuller,Customer relationship management,Real Change,Safe Swiss Cloud",,"beginning,reshape,opportunity"
Oracle 2020,Oracl,Autonomous Data Management,29,"Database,Master data,Oracle Database,Service integration and management","Database Development,Data Management",discover
Oracle 2020,Oracle Applications Product Development,How To Turn Change Into Opportunity With Oracle Cloud Apps,39,"Core business,Microsoft Azure,Samsung SDS,Supply chain,User interface",blockchain,"reshape,finance,anticipating"
Oracle 2020,Oracle,Outpacing Change in a Disrupted World The New Core of Business,26,"Empresas Pblicas de Medell暗,Intel Core","Oracle,ERP,EPM","technology,reshaping,reinvigorating,finance,business"
Oracle 2020,and Central and Eastern Europe,Unlock Endless Possibilities with Oracle Cloud,35,"Garbage Pail Kids,Machine learning,Oracle Cloud,VMware Infrastructure",,"explore,automation,powering,important"
Oracle 2020,Oracle,Cloud Platform Middleware Strategy and Roadmap,28,"Google Cloud Platform,Oracle Cloud,Oracle Data Integrator,Oracle Enterprise Resource Planning Cloud,SAP Cloud Platform",Oracle,"strategy,customer,digital"
Oracle 2020,Oracle,A New Class of Cloud Infrastructure,18,Oracle Applications,Oracle,"business,secure,cloud,scale,help,data,find"
Oracle 2020,Oracle,Solution Keynote: Strategy and Roadmap for Cloud and On-Premise,24,"Online transaction processing,Oracle Database",,"transformed,provide,analytics,world,learn"
Oracle 2020,Oracle,Strategy and Roadmap for Cloud and On-Premise,24,"Online transaction processing,Oracle Database",,"transformed,provide,analytics,world,learn"
