Keyword,Frequency
Deep learning,25
Machine learning,24
Artificial intelligence,19
Neural network,15
Data science,15
Self-driving car,10
Virtual workplace,10
Medical imaging,8
Supercomputer,7
Computer vision,7
Graphics processing unit,6
Big data,6
Convolutional neural network,5
AI accelerator,5
Scientific method,5
List of Nvidia graphics processing units,5
Image segmentation,4
Generative adversarial network,4
Google Cloud Platform,4
Internet of things,4
Emerging technologies,4
Mixer (service),4
Cloud computing,4
Telecommuting,4
Computational fluid dynamics,3
Turbulence,3
Open source,3
3D reconstruction,3
Principal component analysis,3
ML,3
A-ha,3
PyTorch,3
OpenAI,3
Natural language,3
Python (programming language),3
Speech recognition,3
Natural language processing,3
Integrated development environment,3
Technology,3
Collaboration,3
Ray tracing (graphics),3
Data analysis,3
Microsoft Azure,3
Oracle Cloud,3
User interface,3
Oracle Database,3
Tropical cyclone,2
Object detection,2
Sensor,2
Scalability,2
IBM Power Systems,2
Molecular dynamics,2
Material,2
National Energy Research Scientific Computing Center,2
Windows HPC Server 2008,2
Matrix multiplication,2
Real-time,2
Scheduling (computing),2
Real-time computing,2
Applications of artificial intelligence,2
Recommender system,2
Statistical inference,2
Transformer (machine learning model),2
System resource,2
ML.NET,2
Statistical classification,2
Data visualization,2
Edge computing,2
Hyperparameter optimization,2
Cloud gaming,2
Distributed Training Operations Center,2
TensorFlow,2
Financial services,2
Conjugate gradient method,2
Reinforcement,2
List of Red Digital Cinema cameras,2
Standard ML,2
CUDA,2
Video card,2
Workflow,2
Federated learning,2
General-purpose computing on graphics processing units,2
Drug discovery,2
Live cell imaging,2
GeForce 30 series,2
Nvidia,2
Lattice Boltzmann methods,2
Capsule neural network,2
Reinforcement learning,2
Research,2
Computer performance,2
Implementation,2
Database,2
Perception,2
Nvidia RTX,2
Global illumination,2
Tool,2
Vehicular automation,2
Nvidia Drive,2
Deeplearning4j,2
Data management,2
Automated machine learning,2
Pipeline (computing),2
Artificial Intelligence System,2
Cross-industry standard process for data mining,2
Exchange rate,2
Foreign exchange market,2
Social data revolution,2
Apache Kafka,2
Data quality,2
Apache Hadoop,2
Engineer,2
Static program analysis,2
Data source,2
Case study,2
Data mining,2
Stream processing,2
 Try,2
Integrated workplace management system,2
Conversation,2
Intranet,2
Financial technology,2
Core business,2
Samsung SDS,2
Customer relationship management,2
Online transaction processing,2
Brand,1
List of sensors,1
Synthetic-aperture radar,1
Edge case,1
Extreme environment,1
Process capability,1
Silent Generation,1
Proximity sensor,1
Rheology,1
DC-to-DC converter,1
Fluid bearing,1
Deep Instinct,1
Human,1
Mars atmospheric entry,1
Landslide,1
Wireless sensor network,1
Pulmonary alveolar microlithiasis,1
Solar observatory,1
Cable railings,1
Digital elevation model,1
Data curation,1
Health professional,1
Unity (game engine),1
Graph coloring,1
GraphBLAS,1
A* search algorithm,1
Bar chart,1
Leadership in Energy and Environmental Design,1
Magic SysRq key,1
Signal-flow graph,1
Balancing Act,1
Sensor array,1
Signal processing,1
Singular value decomposition,1
Memory,1
Operating system,1
Shared memory,1
Architecture,1
Code refactoring,1
Hypocenter,1
Solar irradiance,1
Jitsi,1
TOP500,1
GrabCAD,1
Project Jupyter,1
Scientist,1
Charm++,1
Outline of physical science,1
Simple Lie group,1
Numeric keypad,1
New Classical architecture,1
Atomic bombings of Hiroshima and Nagasaki,1
Memory management,1
Molecular mass,1
Binary explosive,1
Sandia National Laboratories,1
National Energy Technology Laboratory,1
Fromage,1
Geometric median,1
Path loss,1
Earth observation satellite,1
General circulation model,1
Weather forecasting,1
Energy based model,1
Graph Fourier Transform,1
Semi-supervised learning,1
Advantage gambling,1
Load balancing (computing),1
Parallel computing,1
Turing completeness,1
Consideration,1
Program optimization,1
Safety of high-energy particle collision experiments,1
Direct method (education),1
Hardware register,1
Earth System Modeling Framework,1
Porting,1
Tofa?,1
Wind wave model,1
Production system,1
Rapid intensification,1
SaffirSimpson scale,1
Chemical substance,1
Kevin Systrom,1
Technique,1
Directive (programming),1
Inventory optimization,1
Shadow volume,1
MP,1
List of programming languages for artificial intelligence,1
Utah Data Center,1
Automatic parallelization,1
Bigg Boss (Hindi season 14),1
Availability heuristic,1
Task parallelism,1
Task-based language learning,1
Embryo Ranking Intelligent Classification Algorithm,1
Yann LeCun,1
Coupling constant,1
Reduced form,1
Heterogeneous System Architecture,1
National Renewable Energy Laboratory,1
Kubernetes,1
Systems Modeling Language,1
Cold fusion,1
Multimodal learning,1
Platform as a service,1
Qlik,1
Superuser,1
Virtual machine,1
CTR,1
Dot-com bubble,1
Model organism,1
Ruf CTR,1
Edge device,1
Data localization,1
Data sovereignty,1
Jeffrey Snover,1
Key (engineering),1
Compression stockings,1
JTAG,1
Learning,1
Parameter,1
Exact sequence,1
Quantization (signal processing),1
Quantum entanglement,1
Resource management (computing),1
Ha-ha,1
Non-Euclidean geometry,1
Nearest neighbor search,1
PageRank,1
Space partitioning,1
Streaming media,1
Visualization (graphics),1
Atmospheric model,1
CLaMS,1
Chemical process,1
The Final Solution (novel),1
Pareto efficiency,1
True Detective,1
CP System II,1
Mirror stage,1
Procedural generation,1
Benefit performance,1
Meteorology,1
Weather Research and Forecasting Model,1
Aphantasia,1
Flow visualization,1
Scientific visualization,1
Direct memory access,1
GUID Partition Table,1
Memory operations per second,1
Oz the Great and Powerful,1
Flexible electronics,1
Simultaneous multithreading,1
Qualifications framework,1
Recurrent neural network,1
Business value,1
Mach Loop,1
Stack Exchange,1
Natural-language understanding,1
Trans-Anatolian gas pipeline,1
Extended reality,1
Compiler,1
Apache SINGA,1
Financial Services Authority,1
Memorandum of understanding,1
Small business,1
Activity recognition,1
Discrete element method,1
Finite element method,1
List of DC Multiverse worlds,1
SPARK (programming language),1
Software quality,1
Graph (abstract data type),1
Q-learning,1
Unsafe at Any Speed,1
Conceptual model,1
Pomodoro Technique,1
Demonstration (political),1
Shadowgun,1
Symbolic interactionism,1
Fine-tuning,1
Stanford University,1
Transfer learning,1
Computer cluster,1
Contextual Query Language,1
Online analytical processing,1
Holography,1
Impact (gamer),1
Machinima,1
 Inc.,1
Medium (TV series),1
Speech technology,1
Array data structure,1
Developing country,1
Employee benefits,1
Library,1
Evaluation measures (information retrieval),1
Chatbot,1
Speech synthesis,1
You didn't build that,1
Laboratory information management system,1
Regenerative medicine,1
Neuroimaging,1
Antonie van Leeuwenhoek,1
List of Billboard Hot 100 chart achievements and milestones,1
Computational chemistry,1
LASIK,1
Tomography,1
Wavefront .obj file,1
Zernike polynomials,1
Brain damage,1
DNN,1
SqueezeNet,1
Public health,1
Color image pipeline,1
Digital image processing,1
Cell biology,1
Scientific modelling,1
Comparison of web frameworks,1
Building block,1
Radiology,1
List of NFC-enabled mobile devices,1
Underwater diving,1
Endurance training,1
Rote learning,1
Graphics Core Next,1
IOS SDK,1
Oracle SQL Developer,1
Autonomous system (Internet),1
Angiography,1
Coronary arteries,1
Coronary artery disease,1
Annotation,1
Lymphoma,1
Stem cell,1
Caller ID,1
Anomaly detection,1
Dynamic range compression,1
Real-time polymerase chain reaction,1
Father of surgery,1
Plasma protein binding,1
Therapeutic index,1
Center for Biomedical Imaging,1
Medical specialty,1
On-board diagnostics,1
Hospital information system,1
Medical record,1
Entrepreneurial leadership,1
Blood cell,1
Leukemia,1
Random early detection,1
Microorganism,1
Phase-contrast microscopy,1
Engineering design process,1
Isogeometric analysis,1
Supply-chain-management software,1
Dig Deep (album),1
Microsoft and open source,1
Scanning transmission electron microscopy,1
Patient-reported outcome,1
Treatment decision support,1
Accuracy and precision,1
Chinese classifier,1
Classification of demons,1
Data augmentation,1
Histopathology,1
Synthetic media,1
Colectomy,1
Immunohistochemistry,1
Protein expression,1
Spatial analysis,1
Clinic,1
Clinical case definition,1
Critical theory,1
Cryptographic key types,1
Progress in artificial intelligence,1
Feature (computer vision),1
Prostate,1
Old and New Light,1
Disability and Rehabilitation: Assistive Technology,1
Inertial measurement unit,1
Motion capture,1
Basic research,1
Branches of science,1
List of life sciences,1
Ray-tracing hardware,1
Parkinson's disease,1
Magnetic resonance imaging,1
Tomographic reconstruction,1
BERT (language model),1
Neurology,1
Stanford prison experiment,1
Verona van de Leur,1
Anatomical terminology,1
Pelvic fracture,1
PhysX,1
Autodesk 3ds Max,1
Media Molecule,1
Molecule,1
Organic chemistry,1
Comparison gallery of image scaling algorithms,1
Danielle Belgrave,1
Extract,1
 transform,1
 load,1
Target (project),1
Analytical Engine,1
Closed-form expression,1
Spatial gradient,1
Spherical harmonics,1
Affect theory,1
Archimedes' principle,1
Immersed boundary method,1
Numerical stability,1
High-voltage transformer fire barriers,1
Ideal machine,1
New Source Performance Standards,1
Sequence profiling tool,1
Differentiated instruction,1
3D pose estimation,1
Augmented reality,1
Biomedical engineering,1
Engineering,1
Fourth Industrial Revolution,1
Inorganic compound,1
Materials science,1
P-glycoprotein,1
Perceptron,1
Computer simulation,1
N-(p-Amylcinnamoyl)anthranilic acid,1
Pulseless electrical activity,1
Constructed language,1
Capability-based addressing,1
Semantic memory,1
MD5,1
Bioinformatics workflow management system,1
DirectX Video Acceleration,1
List of RNA-Seq bioinformatics tools,1
Bfloat16 floating-point format,1
Eigenvalues and eigenvectors,1
Holism,1
Supercomputing in Europe,1
Web Ontology Language,1
Sky Nature,1
PCI Express,1
Shanghai Jiao Tong University,1
Linear algebra,1
Matrix multiplication algorithm,1
Artificial turf,1
Mobile robot,1
Nvidia Jetson,1
Pathfinding,1
Human impact on the environment,1
Binary system,1
Mass transfer,1
American Association for the Advancement of Science,1
Multinomial distribution,1
Database index,1
Wastewater surveillance,1
Dynamics,1
Boss Doctor Rhythm DR-110,1
Computational model,1
Protein structure,1
Systems engineering,1
Cognitive skill,1
Occipital lobe,1
Robot,1
Robotics,1
Radio navigation,1
3D reconstruction from multiple images,1
Component video,1
Cardiac electrophysiology,1
Newton's method,1
Turing machine,1
Systolic array,1
Architectural Design,1
Daylight saving time,1
Kosrae,1
Apache Spark,1
CT scan,1
Iterative reconstruction,1
Healthcare industry,1
Patient,1
Project 23900 amphibious assault ship,1
Pythagoras ABM,1
Turing (microarchitecture),1
HTTP 404,1
Quantum computing,1
Electric power transmission,1
Mathematical optimization,1
Physiological cross-sectional area,1
Transmission tower,1
List of Bollywood films of 2019,1
New Payments Platform,1
Warez scene,1
Ambient occlusion,1
Real-time computer graphics,1
Deep learning super sampling,1
Sparse matrix,1
Pilot experiment,1
Virtual reality,1
Traffic collision,1
World Health Organization,1
Unmanned aerial vehicle,1
Visual perception,1
Autodesk,1
Virtual prototyping,1
Evolution,1
Safety data sheet,1
Ford Motor Company,1
K-means clustering,1
Lion (2016 film),1
Regulation,1
Kubeflow,1
Simulation,1
Simulation hypothesis,1
Screen tearing,1
Shooting of Philando Castile,1
PCI configuration space,1
Rotational spectroscopy,1
List of computer simulation software,1
Digital twin,1
Grid reference,1
Network virtualization,1
DLA,1
Self-organizing network,1
AMOLED,1
Rendering (computer graphics),1
MetropolisHastings algorithm,1
OpenShift,1
Computational linguistics,1
Plain,1
Cell therapy,1
Dick Van Dyke filmography,1
Sergei Lemberg,1
Temporal information retrieval,1
Gaussian surface,1
Induction hardening,1
Nondestructive testing,1
CFD in buildings,1
Highly accelerated life test,1
List of AMD accelerated processing units,1
Hardware-in-the-loop simulation,1
Imaging radar,1
Emulation for Logic Validation,1
Automatic content recognition,1
Outline of object recognition,1
Wolfram Language,1
Microsoft Bing,1
LSI Corporation,1
Patterns in nature,1
Solution,1
Symbolic artificial intelligence,1
Trolley problem,1
Open-source hardware,1
Pre-existing condition,1
Educational technology,1
Cryptocurrency wallet,1
Social media,1
Multipath routing,1
Machine translation,1
Algorithm,1
Application performance management,1
General knowledge,1
List of big data companies,1
Roald Amundsen,1
Tool (band),1
Creativity and mental health,1
Product naming,1
Write-in candidate,1
Dominican Republic,1
Business model,1
Digital transformation,1
Non-compete clause,1
Customer Survey,1
Customer service,1
Observation,1
Product optimization,1
Unit of observation,1
Response,1
Azure Stream Analytics,1
Real-time data,1
Split decision,1
Building design,1
Decision-making,1
Game theory,1
Retaliation (disambiguation),1
Lost sales,1
Online hotel reservations,1
Project cancellation,1
Advanced Stream Redirector,1
Domain driven data mining,1
Instant messaging,1
MySQL,1
Relational model,1
Deccan Chargers,1
Globally Harmonized System of Classification and Labelling of Chemicals,1
Labeled data,1
Data processing,1
Average selling price,1
Jonathan Antoine,1
Lithuania,1
Data collection,1
Stanford University Computer Science,1
Video game,1
Man-Thing,1
NoSQL,1
Open-source software,1
Distributed computing,1
E-governance,1
Apache Kudu,1
Apache License,1
Apache NiFi,1
The Arthur Pequegnat Clock Company,1
IT infrastructure,1
Public key infrastructure,1
Elicitation,1
Human intelligence,1
Analytics,1
Free and open-source software,1
Object storage,1
Software versioning,1
Systems design,1
Linktree,1
Isolation (database systems),1
Presto (SQL query engine),1
Use case,1
Business-to-business,1
Customer success,1
Data type,1
Space Race,1
Space technology,1
United States Space Force,1
Interest,1
Kiuwan,1
List of search engines,1
Data exchange,1
Market data,1
Personal data,1
Radical Change,1
Silvan Shalom,1
Collaboration tool,1
Information industry,1
List of artificial intelligence projects,1
Expect,1
Morality,1
Query letter,1
Batch processing,1
Streaming data,1
Quality,1
Practical Magic,1
Democratization,1
Dublin Oldschool,1
System context diagram,1
Services marketing,1
Economic impact analysis,1
Francis II of France,1
Health care,1
Predictive modelling,1
Infection,1
Public transport,1
Docker (software),1
Sony ILCE camera,1
Tablet computer,1
Business domain,1
Corporate sustainable profitability,1
Try,1
Massachusetts Institute of Technology,1
Bitwise operation,1
Dell Technologies,1
Dell monitors,1
Remote support,1
Designbuild,1
Integration,1
Software design pattern,1
Dependency injection,1
Model village,1
Service-oriented architecture,1
Management style,1
Organizational culture,1
Market trend,1
Learning curve,1
Information exchange,1
Internal communications,1
Workplace,1
Rpath,1
Datadog,1
Spatial memory,1
Flextime,1
Citrix Workspace,1
Milestone (project management),1
Agile application,1
Digital signal processing,1
Moore's law,1
COVID-19 pandemic in California,1
Information system,1
Principlism,1
Digital Taylorism,1
Information architecture,1
Collaborative project management,1
Corporate governance,1
Corporate tax,1
List of Tanglin episodes (Episodes 1-508),1
Smart grid,1
Market environment,1
Modern Family,1
Astrological aspect,1
Speciation,1
Analysis of algorithms,1
Complexity management,1
FAIR data,1
Reliability engineering,1
Software development process,1
Information technology consulting,1
Abcam,1
P versus NP problem,1
Buckminster Fuller,1
Real Change,1
Safe Swiss Cloud,1
Master data,1
Service integration and management,1
Supply chain,1
Empresas Públicas de Medellín,1
Intel Core,1
Garbage Pail Kids,1
VMware Infrastructure,1
Oracle Data Integrator,1
Oracle Enterprise Resource Planning Cloud,1
SAP Cloud Platform,1
Oracle Applications,1
